/orcd/data/chisholm/001/chisholmlab/experiment_repository/2024/240730Chi/PseudoID-24/20240805_1712_1B_PAW59116_2cfaf0b1/pod5_pass/PAW59116_pass_2cfaf0b1_98202c91_2215.pod5	PAW59116_pass_2cfaf0b1_98202c91_2215
/orcd/data/chisholm/001/chisholmlab/experiment_repository/2024/240730Chi/PseudoID-24/20240805_1712_1B_PAW59116_2cfaf0b1/pod5_pass/PAW59116_pass_2cfaf0b1_98202c91_7189.pod5	PAW59116_pass_2cfaf0b1_98202c91_7189
/orcd/data/chisholm/001/chisholmlab/experiment_repository/2024/240730Chi/PseudoID-24/20240805_1712_1B_PAW59116_2cfaf0b1/pod5_pass/PAW59116_pass_2cfaf0b1_98202c91_2371.pod5	PAW59116_pass_2cfaf0b1_98202c91_2371
/orcd/data/chisholm/001/chisholmlab/experiment_repository/2024/240730Chi/PseudoID-24/20240805_1712_1B_PAW59116_2cfaf0b1/pod5_pass/PAW59116_pass_2cfaf0b1_98202c91_7341.pod5	PAW59116_pass_2cfaf0b1_98202c91_7341
/orcd/data/chisholm/001/chisholmlab/experiment_repository/2024/240730Chi/PseudoID-24/20240805_1712_1B_PAW59116_2cfaf0b1/pod5_pass/PAW59116_pass_2cfaf0b1_98202c91_5310.pod5	PAW59116_pass_2cfaf0b1_98202c91_5310
/orcd/data/chisholm/001/chisholmlab/experiment_repository/2024/240730Chi/PseudoID-24/20240805_1712_1B_PAW59116_2cfaf0b1/pod5_pass/PAW59116_pass_2cfaf0b1_98202c91_3287.pod5	PAW59116_pass_2cfaf0b1_98202c91_3287
/orcd/data/chisholm/001/chisholmlab/experiment_repository/2024/240730Chi/PseudoID-24/20240805_1712_1B_PAW59116_2cfaf0b1/pod5_pass/PAW59116_pass_2cfaf0b1_98202c91_7225.pod5	PAW59116_pass_2cfaf0b1_98202c91_7225
/orcd/data/chisholm/001/chisholmlab/experiment_repository/2024/240730Chi/PseudoID-24/20240805_1712_1B_PAW59116_2cfaf0b1/pod5_pass/PAW59116_pass_2cfaf0b1_98202c91_383.pod5	PAW59116_pass_2cfaf0b1_98202c91_383
/orcd/data/chisholm/001/chisholmlab/experiment_repository/2024/240730Chi/PseudoID-24/20240805_1712_1B_PAW59116_2cfaf0b1/pod5_pass/PAW59116_pass_2cfaf0b1_98202c91_5274.pod5	PAW59116_pass_2cfaf0b1_98202c91_5274
/orcd/data/chisholm/001/chisholmlab/experiment_repository/2024/240730Chi/PseudoID-24/20240805_1712_1B_PAW59116_2cfaf0b1/pod5_pass/PAW59116_pass_2cfaf0b1_98202c91_9383.pod5	PAW59116_pass_2cfaf0b1_98202c91_9383
/orcd/data/chisholm/001/chisholmlab/experiment_repository/2024/240730Chi/PseudoID-24/20240805_1712_1B_PAW59116_2cfaf0b1/pod5_pass/PAW59116_pass_2cfaf0b1_98202c91_8275.pod5	PAW59116_pass_2cfaf0b1_98202c91_8275
/orcd/data/chisholm/001/chisholmlab/experiment_repository/2024/240730Chi/PseudoID-24/20240805_1712_1B_PAW59116_2cfaf0b1/pod5_pass/PAW59116_pass_2cfaf0b1_98202c91_10711.pod5	PAW59116_pass_2cfaf0b1_98202c91_10711
/orcd/data/chisholm/001/chisholmlab/experiment_repository/2024/240730Chi/PseudoID-24/20240805_1712_1B_PAW59116_2cfaf0b1/pod5_pass/PAW59116_pass_2cfaf0b1_98202c91_10675.pod5	PAW59116_pass_2cfaf0b1_98202c91_10675
/orcd/data/chisholm/001/chisholmlab/experiment_repository/2024/240730Chi/PseudoID-24/20240805_1712_1B_PAW59116_2cfaf0b1/pod5_pass/PAW59116_pass_2cfaf0b1_98202c91_8311.pod5	PAW59116_pass_2cfaf0b1_98202c91_8311
/orcd/data/chisholm/001/chisholmlab/experiment_repository/2024/240730Chi/PseudoID-24/20240805_1712_1B_PAW59116_2cfaf0b1/pod5_pass/PAW59116_pass_2cfaf0b1_98202c91_9417.pod5	PAW59116_pass_2cfaf0b1_98202c91_9417
/orcd/data/chisholm/001/chisholmlab/experiment_repository/2024/240730Chi/PseudoID-24/20240805_1712_1B_PAW59116_2cfaf0b1/pod5_pass/PAW59116_pass_2cfaf0b1_98202c91_10329.pod5	PAW59116_pass_2cfaf0b1_98202c91_10329
/orcd/data/chisholm/001/chisholmlab/experiment_repository/2024/240730Chi/PseudoID-24/20240805_1712_1B_PAW59116_2cfaf0b1/pod5_pass/PAW59116_pass_2cfaf0b1_98202c91_8729.pod5	PAW59116_pass_2cfaf0b1_98202c91_8729
/orcd/data/chisholm/001/chisholmlab/experiment_repository/2024/240730Chi/PseudoID-24/20240805_1712_1B_PAW59116_2cfaf0b1/pod5_pass/PAW59116_pass_2cfaf0b1_98202c91_11017.pod5	PAW59116_pass_2cfaf0b1_98202c91_11017
/orcd/data/chisholm/001/chisholmlab/experiment_repository/2024/240730Chi/PseudoID-24/20240805_1712_1B_PAW59116_2cfaf0b1/pod5_pass/PAW59116_pass_2cfaf0b1_98202c91_9573.pod5	PAW59116_pass_2cfaf0b1_98202c91_9573
/orcd/data/chisholm/001/chisholmlab/experiment_repository/2024/240730Chi/PseudoID-24/20240805_1712_1B_PAW59116_2cfaf0b1/pod5_pass/PAW59116_pass_2cfaf0b1_98202c91_8485.pod5	PAW59116_pass_2cfaf0b1_98202c91_8485
/orcd/data/chisholm/001/chisholmlab/experiment_repository/2024/240730Chi/PseudoID-24/20240805_1712_1B_PAW59116_2cfaf0b1/pod5_pass/PAW59116_pass_2cfaf0b1_98202c91_10085.pod5	PAW59116_pass_2cfaf0b1_98202c91_10085
/orcd/data/chisholm/001/chisholmlab/experiment_repository/2024/240730Chi/PseudoID-24/20240805_1712_1B_PAW59116_2cfaf0b1/pod5_pass/PAW59116_pass_2cfaf0b1_98202c91_4572.pod5	PAW59116_pass_2cfaf0b1_98202c91_4572
/orcd/data/chisholm/001/chisholmlab/experiment_repository/2024/240730Chi/PseudoID-24/20240805_1712_1B_PAW59116_2cfaf0b1/pod5_pass/PAW59116_pass_2cfaf0b1_98202c91_5728.pod5	PAW59116_pass_2cfaf0b1_98202c91_5728
/orcd/data/chisholm/001/chisholmlab/experiment_repository/2024/240730Chi/PseudoID-24/20240805_1712_1B_PAW59116_2cfaf0b1/pod5_pass/PAW59116_pass_2cfaf0b1_98202c91_2899.pod5	PAW59116_pass_2cfaf0b1_98202c91_2899
/orcd/data/chisholm/001/chisholmlab/experiment_repository/2024/240730Chi/PseudoID-24/20240805_1712_1B_PAW59116_2cfaf0b1/pod5_pass/PAW59116_pass_2cfaf0b1_98202c91_7779.pod5	PAW59116_pass_2cfaf0b1_98202c91_7779
/orcd/data/chisholm/001/chisholmlab/experiment_repository/2024/240730Chi/PseudoID-24/20240805_1712_1B_PAW59116_2cfaf0b1/pod5_pass/PAW59116_pass_2cfaf0b1_98202c91_6523.pod5	PAW59116_pass_2cfaf0b1_98202c91_6523
/orcd/data/chisholm/001/chisholmlab/experiment_repository/2024/240730Chi/PseudoID-24/20240805_1712_1B_PAW59116_2cfaf0b1/pod5_pass/PAW59116_pass_2cfaf0b1_98202c91_2581.pod5	PAW59116_pass_2cfaf0b1_98202c91_2581
/orcd/data/chisholm/001/chisholmlab/experiment_repository/2024/240730Chi/PseudoID-24/20240805_1712_1B_PAW59116_2cfaf0b1/pod5_pass/PAW59116_pass_2cfaf0b1_98202c91_4416.pod5	PAW59116_pass_2cfaf0b1_98202c91_4416
/orcd/data/chisholm/001/chisholmlab/experiment_repository/2024/240730Chi/PseudoID-24/20240805_1712_1B_PAW59116_2cfaf0b1/pod5_pass/PAW59116_pass_2cfaf0b1_98202c91_6447.pod5	PAW59116_pass_2cfaf0b1_98202c91_6447
/orcd/data/chisholm/001/chisholmlab/experiment_repository/2024/240730Chi/PseudoID-24/20240805_1712_1B_PAW59116_2cfaf0b1/pod5_pass/PAW59116_pass_2cfaf0b1_98202c91_1426.pod5	PAW59116_pass_2cfaf0b1_98202c91_1426
/orcd/data/chisholm/001/chisholmlab/experiment_repository/2024/240730Chi/PseudoID-24/20240805_1712_1B_PAW59116_2cfaf0b1/pod5_pass/PAW59116_pass_2cfaf0b1_98202c91_417.pod5	PAW59116_pass_2cfaf0b1_98202c91_417
/orcd/data/chisholm/001/chisholmlab/experiment_repository/2024/240730Chi/PseudoID-24/20240805_1712_1B_PAW59116_2cfaf0b1/pod5_pass/PAW59116_pass_2cfaf0b1_98202c91_3477.pod5	PAW59116_pass_2cfaf0b1_98202c91_3477
/orcd/data/chisholm/001/chisholmlab/experiment_repository/2024/240730Chi/PseudoID-24/20240805_1712_1B_PAW59116_2cfaf0b1/pod5_pass/PAW59116_pass_2cfaf0b1_98202c91_573.pod5	PAW59116_pass_2cfaf0b1_98202c91_573
/orcd/data/chisholm/001/chisholmlab/experiment_repository/2024/240730Chi/PseudoID-24/20240805_1712_1B_PAW59116_2cfaf0b1/pod5_pass/PAW59116_pass_2cfaf0b1_98202c91_1542.pod5	PAW59116_pass_2cfaf0b1_98202c91_1542
/orcd/data/chisholm/001/chisholmlab/experiment_repository/2024/240730Chi/PseudoID-24/20240805_1712_1B_PAW59116_2cfaf0b1/pod5_pass/PAW59116_pass_2cfaf0b1_98202c91_3513.pod5	PAW59116_pass_2cfaf0b1_98202c91_3513
/orcd/data/chisholm/001/chisholmlab/experiment_repository/2024/240730Chi/PseudoID-24/20240805_1712_1B_PAW59116_2cfaf0b1/pod5_pass/PAW59116_pass_2cfaf0b1_98202c91_5484.pod5	PAW59116_pass_2cfaf0b1_98202c91_5484
/orcd/data/chisholm/001/chisholmlab/experiment_repository/2024/240730Chi/PseudoID-24/20240805_1712_1B_PAW59116_2cfaf0b1/pod5_pass/PAW59116_pass_2cfaf0b1_98202c91_2749.pod5	PAW59116_pass_2cfaf0b1_98202c91_2749
/orcd/data/chisholm/001/chisholmlab/experiment_repository/2024/240730Chi/PseudoID-24/20240805_1712_1B_PAW59116_2cfaf0b1/pod5_pass/PAW59116_pass_2cfaf0b1_98202c91_9694.pod5	PAW59116_pass_2cfaf0b1_98202c91_9694
/orcd/data/chisholm/001/chisholmlab/experiment_repository/2024/240730Chi/PseudoID-24/20240805_1712_1B_PAW59116_2cfaf0b1/pod5_pass/PAW59116_pass_2cfaf0b1_98202c91_8606.pod5	PAW59116_pass_2cfaf0b1_98202c91_8606
/orcd/data/chisholm/001/chisholmlab/experiment_repository/2024/240730Chi/PseudoID-24/20240805_1712_1B_PAW59116_2cfaf0b1/pod5_pass/PAW59116_pass_2cfaf0b1_98202c91_10362.pod5	PAW59116_pass_2cfaf0b1_98202c91_10362
/orcd/data/chisholm/001/chisholmlab/experiment_repository/2024/240730Chi/PseudoID-24/20240805_1712_1B_PAW59116_2cfaf0b1/pod5_pass/PAW59116_pass_2cfaf0b1_98202c91_9820.pod5	PAW59116_pass_2cfaf0b1_98202c91_9820
/orcd/data/chisholm/001/chisholmlab/experiment_repository/2024/240730Chi/PseudoID-24/20240805_1712_1B_PAW59116_2cfaf0b1/pod5_pass/PAW59116_pass_2cfaf0b1_98202c91_10206.pod5	PAW59116_pass_2cfaf0b1_98202c91_10206
/orcd/data/chisholm/001/chisholmlab/experiment_repository/2024/240730Chi/PseudoID-24/20240805_1712_1B_PAW59116_2cfaf0b1/pod5_pass/PAW59116_pass_2cfaf0b1_98202c91_9538.pod5	PAW59116_pass_2cfaf0b1_98202c91_9538
/orcd/data/chisholm/001/chisholmlab/experiment_repository/2024/240730Chi/PseudoID-24/20240805_1712_1B_PAW59116_2cfaf0b1/pod5_pass/PAW59116_pass_2cfaf0b1_98202c91_8762.pod5	PAW59116_pass_2cfaf0b1_98202c91_8762
/orcd/data/chisholm/001/chisholmlab/experiment_repository/2024/240730Chi/PseudoID-24/20240805_1712_1B_PAW59116_2cfaf0b1/pod5_pass/PAW59116_pass_2cfaf0b1_98202c91_9944.pod5	PAW59116_pass_2cfaf0b1_98202c91_9944
/orcd/data/chisholm/001/chisholmlab/experiment_repository/2024/240730Chi/PseudoID-24/20240805_1712_1B_PAW59116_2cfaf0b1/pod5_pass/PAW59116_pass_2cfaf0b1_98202c91_3840.pod5	PAW59116_pass_2cfaf0b1_98202c91_3840
/orcd/data/chisholm/001/chisholmlab/experiment_repository/2024/240730Chi/PseudoID-24/20240805_1712_1B_PAW59116_2cfaf0b1/pod5_pass/PAW59116_pass_2cfaf0b1_98202c91_820.pod5	PAW59116_pass_2cfaf0b1_98202c91_820
/orcd/data/chisholm/001/chisholmlab/experiment_repository/2024/240730Chi/PseudoID-24/20240805_1712_1B_PAW59116_2cfaf0b1/pod5_pass/PAW59116_pass_2cfaf0b1_98202c91_1811.pod5	PAW59116_pass_2cfaf0b1_98202c91_1811
/orcd/data/chisholm/001/chisholmlab/experiment_repository/2024/240730Chi/PseudoID-24/20240805_1712_1B_PAW59116_2cfaf0b1/pod5_pass/PAW59116_pass_2cfaf0b1_98202c91_2666.pod5	PAW59116_pass_2cfaf0b1_98202c91_2666
/orcd/data/chisholm/001/chisholmlab/experiment_repository/2024/240730Chi/PseudoID-24/20240805_1712_1B_PAW59116_2cfaf0b1/pod5_pass/PAW59116_pass_2cfaf0b1_98202c91_7986.pod5	PAW59116_pass_2cfaf0b1_98202c91_7986
/orcd/data/chisholm/001/chisholmlab/experiment_repository/2024/240730Chi/PseudoID-24/20240805_1712_1B_PAW59116_2cfaf0b1/pod5_pass/PAW59116_pass_2cfaf0b1_98202c91_1509.pod5	PAW59116_pass_2cfaf0b1_98202c91_1509
/orcd/data/chisholm/001/chisholmlab/experiment_repository/2024/240730Chi/PseudoID-24/20240805_1712_1B_PAW59116_2cfaf0b1/pod5_pass/PAW59116_pass_2cfaf0b1_98202c91_3924.pod5	PAW59116_pass_2cfaf0b1_98202c91_3924
/orcd/data/chisholm/001/chisholmlab/experiment_repository/2024/240730Chi/PseudoID-24/20240805_1712_1B_PAW59116_2cfaf0b1/pod5_pass/PAW59116_pass_2cfaf0b1_98202c91_538.pod5	PAW59116_pass_2cfaf0b1_98202c91_538
/orcd/data/chisholm/001/chisholmlab/experiment_repository/2024/240730Chi/PseudoID-24/20240805_1712_1B_PAW59116_2cfaf0b1/pod5_pass/PAW59116_pass_2cfaf0b1_98202c91_2702.pod5	PAW59116_pass_2cfaf0b1_98202c91_2702
/orcd/data/chisholm/001/chisholmlab/experiment_repository/2024/240730Chi/PseudoID-24/20240805_1712_1B_PAW59116_2cfaf0b1/pod5_pass/PAW59116_pass_2cfaf0b1_98202c91_1975.pod5	PAW59116_pass_2cfaf0b1_98202c91_1975
/orcd/data/chisholm/001/chisholmlab/experiment_repository/2024/240730Chi/PseudoID-24/20240805_1712_1B_PAW59116_2cfaf0b1/pod5_pass/PAW59116_pass_2cfaf0b1_98202c91_3558.pod5	PAW59116_pass_2cfaf0b1_98202c91_3558
/orcd/data/chisholm/001/chisholmlab/experiment_repository/2024/240730Chi/PseudoID-24/20240805_1712_1B_PAW59116_2cfaf0b1/pod5_pass/PAW59116_pass_2cfaf0b1_98202c91_4695.pod5	PAW59116_pass_2cfaf0b1_98202c91_4695
/orcd/data/chisholm/001/chisholmlab/experiment_repository/2024/240730Chi/PseudoID-24/20240805_1712_1B_PAW59116_2cfaf0b1/pod5_pass/PAW59116_pass_2cfaf0b1_98202c91_944.pod5	PAW59116_pass_2cfaf0b1_98202c91_944
/orcd/data/chisholm/001/chisholmlab/experiment_repository/2024/240730Chi/PseudoID-24/20240805_1712_1B_PAW59116_2cfaf0b1/pod5_pass/PAW59116_pass_2cfaf0b1_98202c91_5763.pod5	PAW59116_pass_2cfaf0b1_98202c91_5763
/orcd/data/chisholm/001/chisholmlab/experiment_repository/2024/240730Chi/PseudoID-24/20240805_1712_1B_PAW59116_2cfaf0b1/pod5_pass/PAW59116_pass_2cfaf0b1_98202c91_6914.pod5	PAW59116_pass_2cfaf0b1_98202c91_6914
/orcd/data/chisholm/001/chisholmlab/experiment_repository/2024/240730Chi/PseudoID-24/20240805_1712_1B_PAW59116_2cfaf0b1/pod5_pass/PAW59116_pass_2cfaf0b1_98202c91_4539.pod5	PAW59116_pass_2cfaf0b1_98202c91_4539
/orcd/data/chisholm/001/chisholmlab/experiment_repository/2024/240730Chi/PseudoID-24/20240805_1712_1B_PAW59116_2cfaf0b1/pod5_pass/PAW59116_pass_2cfaf0b1_98202c91_6568.pod5	PAW59116_pass_2cfaf0b1_98202c91_6568
/orcd/data/chisholm/001/chisholmlab/experiment_repository/2024/240730Chi/PseudoID-24/20240805_1712_1B_PAW59116_2cfaf0b1/pod5_pass/PAW59116_pass_2cfaf0b1_98202c91_694.pod5	PAW59116_pass_2cfaf0b1_98202c91_694
/orcd/data/chisholm/001/chisholmlab/experiment_repository/2024/240730Chi/PseudoID-24/20240805_1712_1B_PAW59116_2cfaf0b1/pod5_pass/PAW59116_pass_2cfaf0b1_98202c91_4945.pod5	PAW59116_pass_2cfaf0b1_98202c91_4945
/orcd/data/chisholm/001/chisholmlab/experiment_repository/2024/240730Chi/PseudoID-24/20240805_1712_1B_PAW59116_2cfaf0b1/pod5_pass/PAW59116_pass_2cfaf0b1_98202c91_7732.pod5	PAW59116_pass_2cfaf0b1_98202c91_7732
/orcd/data/chisholm/001/chisholmlab/experiment_repository/2024/240730Chi/PseudoID-24/20240805_1712_1B_PAW59116_2cfaf0b1/pod5_pass/PAW59116_pass_2cfaf0b1_98202c91_3790.pod5	PAW59116_pass_2cfaf0b1_98202c91_3790
/orcd/data/chisholm/001/chisholmlab/experiment_repository/2024/240730Chi/PseudoID-24/20240805_1712_1B_PAW59116_2cfaf0b1/pod5_pass/PAW59116_pass_2cfaf0b1_98202c91_6870.pod5	PAW59116_pass_2cfaf0b1_98202c91_6870
/orcd/data/chisholm/001/chisholmlab/experiment_repository/2024/240730Chi/PseudoID-24/20240805_1712_1B_PAW59116_2cfaf0b1/pod5_pass/PAW59116_pass_2cfaf0b1_98202c91_5607.pod5	PAW59116_pass_2cfaf0b1_98202c91_5607
/orcd/data/chisholm/001/chisholmlab/experiment_repository/2024/240730Chi/PseudoID-24/20240805_1712_1B_PAW59116_2cfaf0b1/pod5_pass/PAW59116_pass_2cfaf0b1_98202c91_7656.pod5	PAW59116_pass_2cfaf0b1_98202c91_7656
/orcd/data/chisholm/001/chisholmlab/experiment_repository/2024/240730Chi/PseudoID-24/20240805_1712_1B_PAW59116_2cfaf0b1/pod5_pass/PAW59116_pass_2cfaf0b1_98202c91_4821.pod5	PAW59116_pass_2cfaf0b1_98202c91_4821
/orcd/data/chisholm/001/chisholmlab/experiment_repository/2024/240730Chi/PseudoID-24/20240805_1712_1B_PAW59116_2cfaf0b1/pod5_pass/PAW59116_pass_2cfaf0b1_98202c91_7477.pod5	PAW59116_pass_2cfaf0b1_98202c91_7477
/orcd/data/chisholm/001/chisholmlab/experiment_repository/2024/240730Chi/PseudoID-24/20240805_1712_1B_PAW59116_2cfaf0b1/pod5_pass/PAW59116_pass_2cfaf0b1_98202c91_5426.pod5	PAW59116_pass_2cfaf0b1_98202c91_5426
/orcd/data/chisholm/001/chisholmlab/experiment_repository/2024/240730Chi/PseudoID-24/20240805_1712_1B_PAW59116_2cfaf0b1/pod5_pass/PAW59116_pass_2cfaf0b1_98202c91_7513.pod5	PAW59116_pass_2cfaf0b1_98202c91_7513
/orcd/data/chisholm/001/chisholmlab/experiment_repository/2024/240730Chi/PseudoID-24/20240805_1712_1B_PAW59116_2cfaf0b1/pod5_pass/PAW59116_pass_2cfaf0b1_98202c91_6749.pod5	PAW59116_pass_2cfaf0b1_98202c91_6749
/orcd/data/chisholm/001/chisholmlab/experiment_repository/2024/240730Chi/PseudoID-24/20240805_1712_1B_PAW59116_2cfaf0b1/pod5_pass/PAW59116_pass_2cfaf0b1_98202c91_1484.pod5	PAW59116_pass_2cfaf0b1_98202c91_1484
/orcd/data/chisholm/001/chisholmlab/experiment_repository/2024/240730Chi/PseudoID-24/20240805_1712_1B_PAW59116_2cfaf0b1/pod5_pass/PAW59116_pass_2cfaf0b1_98202c91_4718.pod5	PAW59116_pass_2cfaf0b1_98202c91_4718
/orcd/data/chisholm/001/chisholmlab/experiment_repository/2024/240730Chi/PseudoID-24/20240805_1712_1B_PAW59116_2cfaf0b1/pod5_pass/PAW59116_pass_2cfaf0b1_98202c91_5542.pod5	PAW59116_pass_2cfaf0b1_98202c91_5542
/orcd/data/chisholm/001/chisholmlab/experiment_repository/2024/240730Chi/PseudoID-24/20240805_1712_1B_PAW59116_2cfaf0b1/pod5_pass/PAW59116_pass_2cfaf0b1_98202c91_3779.pod5	PAW59116_pass_2cfaf0b1_98202c91_3779
/orcd/data/chisholm/001/chisholmlab/experiment_repository/2024/240730Chi/PseudoID-24/20240805_1712_1B_PAW59116_2cfaf0b1/pod5_pass/PAW59116_pass_2cfaf0b1_98202c91_6899.pod5	PAW59116_pass_2cfaf0b1_98202c91_6899
/orcd/data/chisholm/001/chisholmlab/experiment_repository/2024/240730Chi/PseudoID-24/20240805_1712_1B_PAW59116_2cfaf0b1/pod5_pass/PAW59116_pass_2cfaf0b1_98202c91_2523.pod5	PAW59116_pass_2cfaf0b1_98202c91_2523
/orcd/data/chisholm/001/chisholmlab/experiment_repository/2024/240730Chi/PseudoID-24/20240805_1712_1B_PAW59116_2cfaf0b1/pod5_pass/PAW59116_pass_2cfaf0b1_98202c91_719.pod5	PAW59116_pass_2cfaf0b1_98202c91_719
/orcd/data/chisholm/001/chisholmlab/experiment_repository/2024/240730Chi/PseudoID-24/20240805_1712_1B_PAW59116_2cfaf0b1/pod5_pass/PAW59116_pass_2cfaf0b1_98202c91_1728.pod5	PAW59116_pass_2cfaf0b1_98202c91_1728
/orcd/data/chisholm/001/chisholmlab/experiment_repository/2024/240730Chi/PseudoID-24/20240805_1712_1B_PAW59116_2cfaf0b1/pod5_pass/PAW59116_pass_2cfaf0b1_98202c91_2447.pod5	PAW59116_pass_2cfaf0b1_98202c91_2447
/orcd/data/chisholm/001/chisholmlab/experiment_repository/2024/240730Chi/PseudoID-24/20240805_1712_1B_PAW59116_2cfaf0b1/pod5_pass/PAW59116_pass_2cfaf0b1_98202c91_6581.pod5	PAW59116_pass_2cfaf0b1_98202c91_6581
/orcd/data/chisholm/001/chisholmlab/experiment_repository/2024/240730Chi/PseudoID-24/20240805_1712_1B_PAW59116_2cfaf0b1/pod5_pass/PAW59116_pass_2cfaf0b1_98202c91_45.pod5	PAW59116_pass_2cfaf0b1_98202c91_45
/orcd/data/chisholm/001/chisholmlab/experiment_repository/2024/240730Chi/PseudoID-24/20240805_1712_1B_PAW59116_2cfaf0b1/pod5_pass/PAW59116_pass_2cfaf0b1_98202c91_8543.pod5	PAW59116_pass_2cfaf0b1_98202c91_8543
/orcd/data/chisholm/001/chisholmlab/experiment_repository/2024/240730Chi/PseudoID-24/20240805_1712_1B_PAW59116_2cfaf0b1/pod5_pass/PAW59116_pass_2cfaf0b1_98202c91_10027.pod5	PAW59116_pass_2cfaf0b1_98202c91_10027
/orcd/data/chisholm/001/chisholmlab/experiment_repository/2024/240730Chi/PseudoID-24/20240805_1712_1B_PAW59116_2cfaf0b1/pod5_pass/PAW59116_pass_2cfaf0b1_98202c91_9719.pod5	PAW59116_pass_2cfaf0b1_98202c91_9719
/orcd/data/chisholm/001/chisholmlab/experiment_repository/2024/240730Chi/PseudoID-24/20240805_1712_1B_PAW59116_2cfaf0b1/pod5_pass/PAW59116_pass_2cfaf0b1_98202c91_10143.pod5	PAW59116_pass_2cfaf0b1_98202c91_10143
/orcd/data/chisholm/001/chisholmlab/experiment_repository/2024/240730Chi/PseudoID-24/20240805_1712_1B_PAW59116_2cfaf0b1/pod5_pass/PAW59116_pass_2cfaf0b1_98202c91_8427.pod5	PAW59116_pass_2cfaf0b1_98202c91_8427
/orcd/data/chisholm/001/chisholmlab/experiment_repository/2024/240730Chi/PseudoID-24/20240805_1712_1B_PAW59116_2cfaf0b1/pod5_pass/PAW59116_pass_2cfaf0b1_98202c91_2568.pod5	PAW59116_pass_2cfaf0b1_98202c91_2568
/orcd/data/chisholm/001/chisholmlab/experiment_repository/2024/240730Chi/PseudoID-24/20240805_1712_1B_PAW59116_2cfaf0b1/pod5_pass/PAW59116_pass_2cfaf0b1_98202c91_3732.pod5	PAW59116_pass_2cfaf0b1_98202c91_3732
/orcd/data/chisholm/001/chisholmlab/experiment_repository/2024/240730Chi/PseudoID-24/20240805_1712_1B_PAW59116_2cfaf0b1/pod5_pass/PAW59116_pass_2cfaf0b1_98202c91_1763.pod5	PAW59116_pass_2cfaf0b1_98202c91_1763
/orcd/data/chisholm/001/chisholmlab/experiment_repository/2024/240730Chi/PseudoID-24/20240805_1712_1B_PAW59116_2cfaf0b1/pod5_pass/PAW59116_pass_2cfaf0b1_98202c91_752.pod5	PAW59116_pass_2cfaf0b1_98202c91_752
/orcd/data/chisholm/001/chisholmlab/experiment_repository/2024/240730Chi/PseudoID-24/20240805_1712_1B_PAW59116_2cfaf0b1/pod5_pass/PAW59116_pass_2cfaf0b1_98202c91_4883.pod5	PAW59116_pass_2cfaf0b1_98202c91_4883
/orcd/data/chisholm/001/chisholmlab/experiment_repository/2024/240730Chi/PseudoID-24/20240805_1712_1B_PAW59116_2cfaf0b1/pod5_pass/PAW59116_pass_2cfaf0b1_98202c91_2914.pod5	PAW59116_pass_2cfaf0b1_98202c91_2914
/orcd/data/chisholm/001/chisholmlab/experiment_repository/2024/240730Chi/PseudoID-24/20240805_1712_1B_PAW59116_2cfaf0b1/pod5_pass/PAW59116_pass_2cfaf0b1_98202c91_3656.pod5	PAW59116_pass_2cfaf0b1_98202c91_3656
/orcd/data/chisholm/001/chisholmlab/experiment_repository/2024/240730Chi/PseudoID-24/20240805_1712_1B_PAW59116_2cfaf0b1/pod5_pass/PAW59116_pass_2cfaf0b1_98202c91_2870.pod5	PAW59116_pass_2cfaf0b1_98202c91_2870
/orcd/data/chisholm/001/chisholmlab/experiment_repository/2024/240730Chi/PseudoID-24/20240805_1712_1B_PAW59116_2cfaf0b1/pod5_pass/PAW59116_pass_2cfaf0b1_98202c91_7790.pod5	PAW59116_pass_2cfaf0b1_98202c91_7790
/orcd/data/chisholm/001/chisholmlab/experiment_repository/2024/240730Chi/PseudoID-24/20240805_1712_1B_PAW59116_2cfaf0b1/pod5_pass/PAW59116_pass_2cfaf0b1_98202c91_636.pod5	PAW59116_pass_2cfaf0b1_98202c91_636
/orcd/data/chisholm/001/chisholmlab/experiment_repository/2024/240730Chi/PseudoID-24/20240805_1712_1B_PAW59116_2cfaf0b1/pod5_pass/PAW59116_pass_2cfaf0b1_98202c91_1607.pod5	PAW59116_pass_2cfaf0b1_98202c91_1607
/orcd/data/chisholm/001/chisholmlab/experiment_repository/2024/240730Chi/PseudoID-24/20240805_1712_1B_PAW59116_2cfaf0b1/pod5_pass/PAW59116_pass_2cfaf0b1_98202c91_5811.pod5	PAW59116_pass_2cfaf0b1_98202c91_5811
/orcd/data/chisholm/001/chisholmlab/experiment_repository/2024/240730Chi/PseudoID-24/20240805_1712_1B_PAW59116_2cfaf0b1/pod5_pass/PAW59116_pass_2cfaf0b1_98202c91_3986.pod5	PAW59116_pass_2cfaf0b1_98202c91_3986
/orcd/data/chisholm/001/chisholmlab/experiment_repository/2024/240730Chi/PseudoID-24/20240805_1712_1B_PAW59116_2cfaf0b1/pod5_pass/PAW59116_pass_2cfaf0b1_98202c91_6666.pod5	PAW59116_pass_2cfaf0b1_98202c91_6666
/orcd/data/chisholm/001/chisholmlab/experiment_repository/2024/240730Chi/PseudoID-24/20240805_1712_1B_PAW59116_2cfaf0b1/pod5_pass/PAW59116_pass_2cfaf0b1_98202c91_4637.pod5	PAW59116_pass_2cfaf0b1_98202c91_4637
/orcd/data/chisholm/001/chisholmlab/experiment_repository/2024/240730Chi/PseudoID-24/20240805_1712_1B_PAW59116_2cfaf0b1/pod5_pass/PAW59116_pass_2cfaf0b1_98202c91_7840.pod5	PAW59116_pass_2cfaf0b1_98202c91_7840
/orcd/data/chisholm/001/chisholmlab/experiment_repository/2024/240730Chi/PseudoID-24/20240805_1712_1B_PAW59116_2cfaf0b1/pod5_pass/PAW59116_pass_2cfaf0b1_98202c91_6702.pod5	PAW59116_pass_2cfaf0b1_98202c91_6702
/orcd/data/chisholm/001/chisholmlab/experiment_repository/2024/240730Chi/PseudoID-24/20240805_1712_1B_PAW59116_2cfaf0b1/pod5_pass/PAW59116_pass_2cfaf0b1_98202c91_7558.pod5	PAW59116_pass_2cfaf0b1_98202c91_7558
/orcd/data/chisholm/001/chisholmlab/experiment_repository/2024/240730Chi/PseudoID-24/20240805_1712_1B_PAW59116_2cfaf0b1/pod5_pass/PAW59116_pass_2cfaf0b1_98202c91_5975.pod5	PAW59116_pass_2cfaf0b1_98202c91_5975
/orcd/data/chisholm/001/chisholmlab/experiment_repository/2024/240730Chi/PseudoID-24/20240805_1712_1B_PAW59116_2cfaf0b1/pod5_pass/PAW59116_pass_2cfaf0b1_98202c91_7924.pod5	PAW59116_pass_2cfaf0b1_98202c91_7924
/orcd/data/chisholm/001/chisholmlab/experiment_repository/2024/240730Chi/PseudoID-24/20240805_1712_1B_PAW59116_2cfaf0b1/pod5_pass/PAW59116_pass_2cfaf0b1_98202c91_5509.pod5	PAW59116_pass_2cfaf0b1_98202c91_5509
/orcd/data/chisholm/001/chisholmlab/experiment_repository/2024/240730Chi/PseudoID-24/20240805_1712_1B_PAW59116_2cfaf0b1/pod5_pass/PAW59116_pass_2cfaf0b1_98202c91_4753.pod5	PAW59116_pass_2cfaf0b1_98202c91_4753
/orcd/data/chisholm/001/chisholmlab/experiment_repository/2024/240730Chi/PseudoID-24/20240805_1712_1B_PAW59116_2cfaf0b1/pod5_pass/PAW59116_pass_2cfaf0b1_98202c91_882.pod5	PAW59116_pass_2cfaf0b1_98202c91_882
/orcd/data/chisholm/001/chisholmlab/experiment_repository/2024/240730Chi/PseudoID-24/20240805_1712_1B_PAW59116_2cfaf0b1/pod5_pass/PAW59116_pass_2cfaf0b1_98202c91_9882.pod5	PAW59116_pass_2cfaf0b1_98202c91_9882
/orcd/data/chisholm/001/chisholmlab/experiment_repository/2024/240730Chi/PseudoID-24/20240805_1712_1B_PAW59116_2cfaf0b1/pod5_pass/PAW59116_pass_2cfaf0b1_98202c91_8974.pod5	PAW59116_pass_2cfaf0b1_98202c91_8974
/orcd/data/chisholm/001/chisholmlab/experiment_repository/2024/240730Chi/PseudoID-24/20240805_1712_1B_PAW59116_2cfaf0b1/pod5_pass/PAW59116_pass_2cfaf0b1_98202c91_9752.pod5	PAW59116_pass_2cfaf0b1_98202c91_9752
/orcd/data/chisholm/001/chisholmlab/experiment_repository/2024/240730Chi/PseudoID-24/20240805_1712_1B_PAW59116_2cfaf0b1/pod5_pass/PAW59116_pass_2cfaf0b1_98202c91_8508.pod5	PAW59116_pass_2cfaf0b1_98202c91_8508
/orcd/data/chisholm/001/chisholmlab/experiment_repository/2024/240730Chi/PseudoID-24/20240805_1712_1B_PAW59116_2cfaf0b1/pod5_pass/PAW59116_pass_2cfaf0b1_98202c91_8810.pod5	PAW59116_pass_2cfaf0b1_98202c91_8810
/orcd/data/chisholm/001/chisholmlab/experiment_repository/2024/240730Chi/PseudoID-24/20240805_1712_1B_PAW59116_2cfaf0b1/pod5_pass/PAW59116_pass_2cfaf0b1_98202c91_9636.pod5	PAW59116_pass_2cfaf0b1_98202c91_9636
/orcd/data/chisholm/001/chisholmlab/experiment_repository/2024/240730Chi/PseudoID-24/20240805_1712_1B_PAW59116_2cfaf0b1/pod5_pass/PAW59116_pass_2cfaf0b1_98202c91_10108.pod5	PAW59116_pass_2cfaf0b1_98202c91_10108
/orcd/data/chisholm/001/chisholmlab/experiment_repository/2024/240730Chi/PseudoID-24/20240805_1712_1B_PAW59116_2cfaf0b1/pod5_pass/PAW59116_pass_2cfaf0b1_98202c91_8130.pod5	PAW59116_pass_2cfaf0b1_98202c91_8130
/orcd/data/chisholm/001/chisholmlab/experiment_repository/2024/240730Chi/PseudoID-24/20240805_1712_1B_PAW59116_2cfaf0b1/pod5_pass/PAW59116_pass_2cfaf0b1_98202c91_10454.pod5	PAW59116_pass_2cfaf0b1_98202c91_10454
/orcd/data/chisholm/001/chisholmlab/experiment_repository/2024/240730Chi/PseudoID-24/20240805_1712_1B_PAW59116_2cfaf0b1/pod5_pass/PAW59116_pass_2cfaf0b1_98202c91_10828.pod5	PAW59116_pass_2cfaf0b1_98202c91_10828
/orcd/data/chisholm/001/chisholmlab/experiment_repository/2024/240730Chi/PseudoID-24/20240805_1712_1B_PAW59116_2cfaf0b1/pod5_pass/PAW59116_pass_2cfaf0b1_98202c91_10530.pod5	PAW59116_pass_2cfaf0b1_98202c91_10530
/orcd/data/chisholm/001/chisholmlab/experiment_repository/2024/240730Chi/PseudoID-24/20240805_1712_1B_PAW59116_2cfaf0b1/pod5_pass/PAW59116_pass_2cfaf0b1_98202c91_8054.pod5	PAW59116_pass_2cfaf0b1_98202c91_8054
/orcd/data/chisholm/001/chisholmlab/experiment_repository/2024/240730Chi/PseudoID-24/20240805_1712_1B_PAW59116_2cfaf0b1/pod5_pass/PAW59116_pass_2cfaf0b1_98202c91_5055.pod5	PAW59116_pass_2cfaf0b1_98202c91_5055
/orcd/data/chisholm/001/chisholmlab/experiment_repository/2024/240730Chi/PseudoID-24/20240805_1712_1B_PAW59116_2cfaf0b1/pod5_pass/PAW59116_pass_2cfaf0b1_98202c91_2398.pod5	PAW59116_pass_2cfaf0b1_98202c91_2398
/orcd/data/chisholm/001/chisholmlab/experiment_repository/2024/240730Chi/PseudoID-24/20240805_1712_1B_PAW59116_2cfaf0b1/pod5_pass/PAW59116_pass_2cfaf0b1_98202c91_1193.pod5	PAW59116_pass_2cfaf0b1_98202c91_1193
/orcd/data/chisholm/001/chisholmlab/experiment_repository/2024/240730Chi/PseudoID-24/20240805_1712_1B_PAW59116_2cfaf0b1/pod5_pass/PAW59116_pass_2cfaf0b1_98202c91_7004.pod5	PAW59116_pass_2cfaf0b1_98202c91_7004
/orcd/data/chisholm/001/chisholmlab/experiment_repository/2024/240730Chi/PseudoID-24/20240805_1712_1B_PAW59116_2cfaf0b1/pod5_pass/PAW59116_pass_2cfaf0b1_98202c91_5131.pod5	PAW59116_pass_2cfaf0b1_98202c91_5131
/orcd/data/chisholm/001/chisholmlab/experiment_repository/2024/240730Chi/PseudoID-24/20240805_1712_1B_PAW59116_2cfaf0b1/pod5_pass/PAW59116_pass_2cfaf0b1_98202c91_7160.pod5	PAW59116_pass_2cfaf0b1_98202c91_7160
/orcd/data/chisholm/001/chisholmlab/experiment_repository/2024/240730Chi/PseudoID-24/20240805_1712_1B_PAW59116_2cfaf0b1/pod5_pass/PAW59116_pass_2cfaf0b1_98202c91_6096.pod5	PAW59116_pass_2cfaf0b1_98202c91_6096
/orcd/data/chisholm/001/chisholmlab/experiment_repository/2024/240730Chi/PseudoID-24/20240805_1712_1B_PAW59116_2cfaf0b1/pod5_pass/PAW59116_pass_2cfaf0b1_98202c91_2150.pod5	PAW59116_pass_2cfaf0b1_98202c91_2150
/orcd/data/chisholm/001/chisholmlab/experiment_repository/2024/240730Chi/PseudoID-24/20240805_1712_1B_PAW59116_2cfaf0b1/pod5_pass/PAW59116_pass_2cfaf0b1_98202c91_2034.pod5	PAW59116_pass_2cfaf0b1_98202c91_2034
/orcd/data/chisholm/001/chisholmlab/experiment_repository/2024/240730Chi/PseudoID-24/20240805_1712_1B_PAW59116_2cfaf0b1/pod5_pass/PAW59116_pass_2cfaf0b1_98202c91_9321.pod5	PAW59116_pass_2cfaf0b1_98202c91_9321
/orcd/data/chisholm/001/chisholmlab/experiment_repository/2024/240730Chi/PseudoID-24/20240805_1712_1B_PAW59116_2cfaf0b1/pod5_pass/PAW59116_pass_2cfaf0b1_98202c91_10863.pod5	PAW59116_pass_2cfaf0b1_98202c91_10863
/orcd/data/chisholm/001/chisholmlab/experiment_repository/2024/240730Chi/PseudoID-24/20240805_1712_1B_PAW59116_2cfaf0b1/pod5_pass/PAW59116_pass_2cfaf0b1_98202c91_9245.pod5	PAW59116_pass_2cfaf0b1_98202c91_9245
/orcd/data/chisholm/001/chisholmlab/experiment_repository/2024/240730Chi/PseudoID-24/20240805_1712_1B_PAW59116_2cfaf0b1/pod5_pass/PAW59116_pass_2cfaf0b1_98202c91_10907.pod5	PAW59116_pass_2cfaf0b1_98202c91_10907
/orcd/data/chisholm/001/chisholmlab/experiment_repository/2024/240730Chi/PseudoID-24/20240805_1712_1B_PAW59116_2cfaf0b1/pod5_pass/PAW59116_pass_2cfaf0b1_98202c91_321.pod5	PAW59116_pass_2cfaf0b1_98202c91_321
/orcd/data/chisholm/001/chisholmlab/experiment_repository/2024/240730Chi/PseudoID-24/20240805_1712_1B_PAW59116_2cfaf0b1/pod5_pass/PAW59116_pass_2cfaf0b1_98202c91_1310.pod5	PAW59116_pass_2cfaf0b1_98202c91_1310
/orcd/data/chisholm/001/chisholmlab/experiment_repository/2024/240730Chi/PseudoID-24/20240805_1712_1B_PAW59116_2cfaf0b1/pod5_pass/PAW59116_pass_2cfaf0b1_98202c91_7287.pod5	PAW59116_pass_2cfaf0b1_98202c91_7287
/orcd/data/chisholm/001/chisholmlab/experiment_repository/2024/240730Chi/PseudoID-24/20240805_1712_1B_PAW59116_2cfaf0b1/pod5_pass/PAW59116_pass_2cfaf0b1_98202c91_3341.pod5	PAW59116_pass_2cfaf0b1_98202c91_3341
/orcd/data/chisholm/001/chisholmlab/experiment_repository/2024/240730Chi/PseudoID-24/20240805_1712_1B_PAW59116_2cfaf0b1/pod5_pass/PAW59116_pass_2cfaf0b1_98202c91_1274.pod5	PAW59116_pass_2cfaf0b1_98202c91_1274
/orcd/data/chisholm/001/chisholmlab/experiment_repository/2024/240730Chi/PseudoID-24/20240805_1712_1B_PAW59116_2cfaf0b1/pod5_pass/PAW59116_pass_2cfaf0b1_98202c91_245.pod5	PAW59116_pass_2cfaf0b1_98202c91_245
/orcd/data/chisholm/001/chisholmlab/experiment_repository/2024/240730Chi/PseudoID-24/20240805_1712_1B_PAW59116_2cfaf0b1/pod5_pass/PAW59116_pass_2cfaf0b1_98202c91_3225.pod5	PAW59116_pass_2cfaf0b1_98202c91_3225
/orcd/data/chisholm/001/chisholmlab/experiment_repository/2024/240730Chi/PseudoID-24/20240805_1712_1B_PAW59116_2cfaf0b1/pod5_pass/PAW59116_pass_2cfaf0b1_98202c91_3189.pod5	PAW59116_pass_2cfaf0b1_98202c91_3189
/orcd/data/chisholm/001/chisholmlab/experiment_repository/2024/240730Chi/PseudoID-24/20240805_1712_1B_PAW59116_2cfaf0b1/pod5_pass/PAW59116_pass_2cfaf0b1_98202c91_4244.pod5	PAW59116_pass_2cfaf0b1_98202c91_4244
/orcd/data/chisholm/001/chisholmlab/experiment_repository/2024/240730Chi/PseudoID-24/20240805_1712_1B_PAW59116_2cfaf0b1/pod5_pass/PAW59116_pass_2cfaf0b1_98202c91_6215.pod5	PAW59116_pass_2cfaf0b1_98202c91_6215
/orcd/data/chisholm/001/chisholmlab/experiment_repository/2024/240730Chi/PseudoID-24/20240805_1712_1B_PAW59116_2cfaf0b1/pod5_pass/PAW59116_pass_2cfaf0b1_98202c91_4320.pod5	PAW59116_pass_2cfaf0b1_98202c91_4320
/orcd/data/chisholm/001/chisholmlab/experiment_repository/2024/240730Chi/PseudoID-24/20240805_1712_1B_PAW59116_2cfaf0b1/pod5_pass/PAW59116_pass_2cfaf0b1_98202c91_6371.pod5	PAW59116_pass_2cfaf0b1_98202c91_6371
/orcd/data/chisholm/001/chisholmlab/experiment_repository/2024/240730Chi/PseudoID-24/20240805_1712_1B_PAW59116_2cfaf0b1/pod5_pass/PAW59116_pass_2cfaf0b1_98202c91_7569.pod5	PAW59116_pass_2cfaf0b1_98202c91_7569
/orcd/data/chisholm/001/chisholmlab/experiment_repository/2024/240730Chi/PseudoID-24/20240805_1712_1B_PAW59116_2cfaf0b1/pod5_pass/PAW59116_pass_2cfaf0b1_98202c91_5944.pod5	PAW59116_pass_2cfaf0b1_98202c91_5944
/orcd/data/chisholm/001/chisholmlab/experiment_repository/2024/240730Chi/PseudoID-24/20240805_1712_1B_PAW59116_2cfaf0b1/pod5_pass/PAW59116_pass_2cfaf0b1_98202c91_6733.pod5	PAW59116_pass_2cfaf0b1_98202c91_6733
/orcd/data/chisholm/001/chisholmlab/experiment_repository/2024/240730Chi/PseudoID-24/20240805_1712_1B_PAW59116_2cfaf0b1/pod5_pass/PAW59116_pass_2cfaf0b1_98202c91_1882.pod5	PAW59116_pass_2cfaf0b1_98202c91_1882
/orcd/data/chisholm/001/chisholmlab/experiment_repository/2024/240730Chi/PseudoID-24/20240805_1712_1B_PAW59116_2cfaf0b1/pod5_pass/PAW59116_pass_2cfaf0b1_98202c91_4762.pod5	PAW59116_pass_2cfaf0b1_98202c91_4762
/orcd/data/chisholm/001/chisholmlab/experiment_repository/2024/240730Chi/PseudoID-24/20240805_1712_1B_PAW59116_2cfaf0b1/pod5_pass/PAW59116_pass_2cfaf0b1_98202c91_7915.pod5	PAW59116_pass_2cfaf0b1_98202c91_7915
/orcd/data/chisholm/001/chisholmlab/experiment_repository/2024/240730Chi/PseudoID-24/20240805_1712_1B_PAW59116_2cfaf0b1/pod5_pass/PAW59116_pass_2cfaf0b1_98202c91_5538.pod5	PAW59116_pass_2cfaf0b1_98202c91_5538
/orcd/data/chisholm/001/chisholmlab/experiment_repository/2024/240730Chi/PseudoID-24/20240805_1712_1B_PAW59116_2cfaf0b1/pod5_pass/PAW59116_pass_2cfaf0b1_98202c91_6657.pod5	PAW59116_pass_2cfaf0b1_98202c91_6657
/orcd/data/chisholm/001/chisholmlab/experiment_repository/2024/240730Chi/PseudoID-24/20240805_1712_1B_PAW59116_2cfaf0b1/pod5_pass/PAW59116_pass_2cfaf0b1_98202c91_5820.pod5	PAW59116_pass_2cfaf0b1_98202c91_5820
/orcd/data/chisholm/001/chisholmlab/experiment_repository/2024/240730Chi/PseudoID-24/20240805_1712_1B_PAW59116_2cfaf0b1/pod5_pass/PAW59116_pass_2cfaf0b1_98202c91_2791.pod5	PAW59116_pass_2cfaf0b1_98202c91_2791
/orcd/data/chisholm/001/chisholmlab/experiment_repository/2024/240730Chi/PseudoID-24/20240805_1712_1B_PAW59116_2cfaf0b1/pod5_pass/PAW59116_pass_2cfaf0b1_98202c91_7871.pod5	PAW59116_pass_2cfaf0b1_98202c91_7871
/orcd/data/chisholm/001/chisholmlab/experiment_repository/2024/240730Chi/PseudoID-24/20240805_1712_1B_PAW59116_2cfaf0b1/pod5_pass/PAW59116_pass_2cfaf0b1_98202c91_4606.pod5	PAW59116_pass_2cfaf0b1_98202c91_4606
/orcd/data/chisholm/001/chisholmlab/experiment_repository/2024/240730Chi/PseudoID-24/20240805_1712_1B_PAW59116_2cfaf0b1/pod5_pass/PAW59116_pass_2cfaf0b1_98202c91_3667.pod5	PAW59116_pass_2cfaf0b1_98202c91_3667
/orcd/data/chisholm/001/chisholmlab/experiment_repository/2024/240730Chi/PseudoID-24/20240805_1712_1B_PAW59116_2cfaf0b1/pod5_pass/PAW59116_pass_2cfaf0b1_98202c91_6987.pod5	PAW59116_pass_2cfaf0b1_98202c91_6987
/orcd/data/chisholm/001/chisholmlab/experiment_repository/2024/240730Chi/PseudoID-24/20240805_1712_1B_PAW59116_2cfaf0b1/pod5_pass/PAW59116_pass_2cfaf0b1_98202c91_607.pod5	PAW59116_pass_2cfaf0b1_98202c91_607
/orcd/data/chisholm/001/chisholmlab/experiment_repository/2024/240730Chi/PseudoID-24/20240805_1712_1B_PAW59116_2cfaf0b1/pod5_pass/PAW59116_pass_2cfaf0b1_98202c91_1636.pod5	PAW59116_pass_2cfaf0b1_98202c91_1636
/orcd/data/chisholm/001/chisholmlab/experiment_repository/2024/240730Chi/PseudoID-24/20240805_1712_1B_PAW59116_2cfaf0b1/pod5_pass/PAW59116_pass_2cfaf0b1_98202c91_2841.pod5	PAW59116_pass_2cfaf0b1_98202c91_2841
/orcd/data/chisholm/001/chisholmlab/experiment_repository/2024/240730Chi/PseudoID-24/20240805_1712_1B_PAW59116_2cfaf0b1/pod5_pass/PAW59116_pass_2cfaf0b1_98202c91_3703.pod5	PAW59116_pass_2cfaf0b1_98202c91_3703
/orcd/data/chisholm/001/chisholmlab/experiment_repository/2024/240730Chi/PseudoID-24/20240805_1712_1B_PAW59116_2cfaf0b1/pod5_pass/PAW59116_pass_2cfaf0b1_98202c91_5694.pod5	PAW59116_pass_2cfaf0b1_98202c91_5694
/orcd/data/chisholm/001/chisholmlab/experiment_repository/2024/240730Chi/PseudoID-24/20240805_1712_1B_PAW59116_2cfaf0b1/pod5_pass/PAW59116_pass_2cfaf0b1_98202c91_2559.pod5	PAW59116_pass_2cfaf0b1_98202c91_2559
/orcd/data/chisholm/001/chisholmlab/experiment_repository/2024/240730Chi/PseudoID-24/20240805_1712_1B_PAW59116_2cfaf0b1/pod5_pass/PAW59116_pass_2cfaf0b1_98202c91_2925.pod5	PAW59116_pass_2cfaf0b1_98202c91_2925
/orcd/data/chisholm/001/chisholmlab/experiment_repository/2024/240730Chi/PseudoID-24/20240805_1712_1B_PAW59116_2cfaf0b1/pod5_pass/PAW59116_pass_2cfaf0b1_98202c91_1752.pod5	PAW59116_pass_2cfaf0b1_98202c91_1752
/orcd/data/chisholm/001/chisholmlab/experiment_repository/2024/240730Chi/PseudoID-24/20240805_1712_1B_PAW59116_2cfaf0b1/pod5_pass/PAW59116_pass_2cfaf0b1_98202c91_763.pod5	PAW59116_pass_2cfaf0b1_98202c91_763
/orcd/data/chisholm/001/chisholmlab/experiment_repository/2024/240730Chi/PseudoID-24/20240805_1712_1B_PAW59116_2cfaf0b1/pod5_pass/PAW59116_pass_2cfaf0b1_98202c91_8821.pod5	PAW59116_pass_2cfaf0b1_98202c91_8821
/orcd/data/chisholm/001/chisholmlab/experiment_repository/2024/240730Chi/PseudoID-24/20240805_1712_1B_PAW59116_2cfaf0b1/pod5_pass/PAW59116_pass_2cfaf0b1_98202c91_10139.pod5	PAW59116_pass_2cfaf0b1_98202c91_10139
/orcd/data/chisholm/001/chisholmlab/experiment_repository/2024/240730Chi/PseudoID-24/20240805_1712_1B_PAW59116_2cfaf0b1/pod5_pass/PAW59116_pass_2cfaf0b1_98202c91_9607.pod5	PAW59116_pass_2cfaf0b1_98202c91_9607
/orcd/data/chisholm/001/chisholmlab/experiment_repository/2024/240730Chi/PseudoID-24/20240805_1712_1B_PAW59116_2cfaf0b1/pod5_pass/PAW59116_pass_2cfaf0b1_98202c91_8945.pod5	PAW59116_pass_2cfaf0b1_98202c91_8945
/orcd/data/chisholm/001/chisholmlab/experiment_repository/2024/240730Chi/PseudoID-24/20240805_1712_1B_PAW59116_2cfaf0b1/pod5_pass/PAW59116_pass_2cfaf0b1_98202c91_8539.pod5	PAW59116_pass_2cfaf0b1_98202c91_8539
/orcd/data/chisholm/001/chisholmlab/experiment_repository/2024/240730Chi/PseudoID-24/20240805_1712_1B_PAW59116_2cfaf0b1/pod5_pass/PAW59116_pass_2cfaf0b1_98202c91_9763.pod5	PAW59116_pass_2cfaf0b1_98202c91_9763
/orcd/data/chisholm/001/chisholmlab/experiment_repository/2024/240730Chi/PseudoID-24/20240805_1712_1B_PAW59116_2cfaf0b1/pod5_pass/PAW59116_pass_2cfaf0b1_98202c91_8695.pod5	PAW59116_pass_2cfaf0b1_98202c91_8695
/orcd/data/chisholm/001/chisholmlab/experiment_repository/2024/240730Chi/PseudoID-24/20240805_1712_1B_PAW59116_2cfaf0b1/pod5_pass/PAW59116_pass_2cfaf0b1_98202c91_10295.pod5	PAW59116_pass_2cfaf0b1_98202c91_10295
/orcd/data/chisholm/001/chisholmlab/experiment_repository/2024/240730Chi/PseudoID-24/20240805_1712_1B_PAW59116_2cfaf0b1/pod5_pass/PAW59116_pass_2cfaf0b1_98202c91_2476.pod5	PAW59116_pass_2cfaf0b1_98202c91_2476
/orcd/data/chisholm/001/chisholmlab/experiment_repository/2024/240730Chi/PseudoID-24/20240805_1712_1B_PAW59116_2cfaf0b1/pod5_pass/PAW59116_pass_2cfaf0b1_98202c91_2512.pod5	PAW59116_pass_2cfaf0b1_98202c91_2512
/orcd/data/chisholm/001/chisholmlab/experiment_repository/2024/240730Chi/PseudoID-24/20240805_1712_1B_PAW59116_2cfaf0b1/pod5_pass/PAW59116_pass_2cfaf0b1_98202c91_3748.pod5	PAW59116_pass_2cfaf0b1_98202c91_3748
/orcd/data/chisholm/001/chisholmlab/experiment_repository/2024/240730Chi/PseudoID-24/20240805_1712_1B_PAW59116_2cfaf0b1/pod5_pass/PAW59116_pass_2cfaf0b1_98202c91_4485.pod5	PAW59116_pass_2cfaf0b1_98202c91_4485
/orcd/data/chisholm/001/chisholmlab/experiment_repository/2024/240730Chi/PseudoID-24/20240805_1712_1B_PAW59116_2cfaf0b1/pod5_pass/PAW59116_pass_2cfaf0b1_98202c91_728.pod5	PAW59116_pass_2cfaf0b1_98202c91_728
/orcd/data/chisholm/001/chisholmlab/experiment_repository/2024/240730Chi/PseudoID-24/20240805_1712_1B_PAW59116_2cfaf0b1/pod5_pass/PAW59116_pass_2cfaf0b1_98202c91_1719.pod5	PAW59116_pass_2cfaf0b1_98202c91_1719
/orcd/data/chisholm/001/chisholmlab/experiment_repository/2024/240730Chi/PseudoID-24/20240805_1712_1B_PAW59116_2cfaf0b1/pod5_pass/PAW59116_pass_2cfaf0b1_98202c91_3898.pod5	PAW59116_pass_2cfaf0b1_98202c91_3898
/orcd/data/chisholm/001/chisholmlab/experiment_repository/2024/240730Chi/PseudoID-24/20240805_1712_1B_PAW59116_2cfaf0b1/pod5_pass/PAW59116_pass_2cfaf0b1_98202c91_484.pod5	PAW59116_pass_2cfaf0b1_98202c91_484
/orcd/data/chisholm/001/chisholmlab/experiment_repository/2024/240730Chi/PseudoID-24/20240805_1712_1B_PAW59116_2cfaf0b1/pod5_pass/PAW59116_pass_2cfaf0b1_98202c91_6778.pod5	PAW59116_pass_2cfaf0b1_98202c91_6778
/orcd/data/chisholm/001/chisholmlab/experiment_repository/2024/240730Chi/PseudoID-24/20240805_1712_1B_PAW59116_2cfaf0b1/pod5_pass/PAW59116_pass_2cfaf0b1_98202c91_7522.pod5	PAW59116_pass_2cfaf0b1_98202c91_7522
/orcd/data/chisholm/001/chisholmlab/experiment_repository/2024/240730Chi/PseudoID-24/20240805_1712_1B_PAW59116_2cfaf0b1/pod5_pass/PAW59116_pass_2cfaf0b1_98202c91_5573.pod5	PAW59116_pass_2cfaf0b1_98202c91_5573
/orcd/data/chisholm/001/chisholmlab/experiment_repository/2024/240730Chi/PseudoID-24/20240805_1712_1B_PAW59116_2cfaf0b1/pod5_pass/PAW59116_pass_2cfaf0b1_98202c91_4729.pod5	PAW59116_pass_2cfaf0b1_98202c91_4729
/orcd/data/chisholm/001/chisholmlab/experiment_repository/2024/240730Chi/PseudoID-24/20240805_1712_1B_PAW59116_2cfaf0b1/pod5_pass/PAW59116_pass_2cfaf0b1_98202c91_7446.pod5	PAW59116_pass_2cfaf0b1_98202c91_7446
/orcd/data/chisholm/001/chisholmlab/experiment_repository/2024/240730Chi/PseudoID-24/20240805_1712_1B_PAW59116_2cfaf0b1/pod5_pass/PAW59116_pass_2cfaf0b1_98202c91_3580.pod5	PAW59116_pass_2cfaf0b1_98202c91_3580
/orcd/data/chisholm/001/chisholmlab/experiment_repository/2024/240730Chi/PseudoID-24/20240805_1712_1B_PAW59116_2cfaf0b1/pod5_pass/PAW59116_pass_2cfaf0b1_98202c91_5417.pod5	PAW59116_pass_2cfaf0b1_98202c91_5417
/orcd/data/chisholm/001/chisholmlab/experiment_repository/2024/240730Chi/PseudoID-24/20240805_1712_1B_PAW59116_2cfaf0b1/pod5_pass/PAW59116_pass_2cfaf0b1_98202c91_9484.pod5	PAW59116_pass_2cfaf0b1_98202c91_9484
/orcd/data/chisholm/001/chisholmlab/experiment_repository/2024/240730Chi/PseudoID-24/20240805_1712_1B_PAW59116_2cfaf0b1/pod5_pass/PAW59116_pass_2cfaf0b1_98202c91_8416.pod5	PAW59116_pass_2cfaf0b1_98202c91_8416
/orcd/data/chisholm/001/chisholmlab/experiment_repository/2024/240730Chi/PseudoID-24/20240805_1712_1B_PAW59116_2cfaf0b1/pod5_pass/PAW59116_pass_2cfaf0b1_98202c91_10172.pod5	PAW59116_pass_2cfaf0b1_98202c91_10172
/orcd/data/chisholm/001/chisholmlab/experiment_repository/2024/240730Chi/PseudoID-24/20240805_1712_1B_PAW59116_2cfaf0b1/pod5_pass/PAW59116_pass_2cfaf0b1_98202c91_74.pod5	PAW59116_pass_2cfaf0b1_98202c91_74
/orcd/data/chisholm/001/chisholmlab/experiment_repository/2024/240730Chi/PseudoID-24/20240805_1712_1B_PAW59116_2cfaf0b1/pod5_pass/PAW59116_pass_2cfaf0b1_98202c91_9728.pod5	PAW59116_pass_2cfaf0b1_98202c91_9728
/orcd/data/chisholm/001/chisholmlab/experiment_repository/2024/240730Chi/PseudoID-24/20240805_1712_1B_PAW59116_2cfaf0b1/pod5_pass/PAW59116_pass_2cfaf0b1_98202c91_10016.pod5	PAW59116_pass_2cfaf0b1_98202c91_10016
/orcd/data/chisholm/001/chisholmlab/experiment_repository/2024/240730Chi/PseudoID-24/20240805_1712_1B_PAW59116_2cfaf0b1/pod5_pass/PAW59116_pass_2cfaf0b1_98202c91_8572.pod5	PAW59116_pass_2cfaf0b1_98202c91_8572
/orcd/data/chisholm/001/chisholmlab/experiment_repository/2024/240730Chi/PseudoID-24/20240805_1712_1B_PAW59116_2cfaf0b1/pod5_pass/PAW59116_pass_2cfaf0b1_98202c91_9274.pod5	PAW59116_pass_2cfaf0b1_98202c91_9274
/orcd/data/chisholm/001/chisholmlab/experiment_repository/2024/240730Chi/PseudoID-24/20240805_1712_1B_PAW59116_2cfaf0b1/pod5_pass/PAW59116_pass_2cfaf0b1_98202c91_10936.pod5	PAW59116_pass_2cfaf0b1_98202c91_10936
/orcd/data/chisholm/001/chisholmlab/experiment_repository/2024/240730Chi/PseudoID-24/20240805_1712_1B_PAW59116_2cfaf0b1/pod5_pass/PAW59116_pass_2cfaf0b1_98202c91_9310.pod5	PAW59116_pass_2cfaf0b1_98202c91_9310
/orcd/data/chisholm/001/chisholmlab/experiment_repository/2024/240730Chi/PseudoID-24/20240805_1712_1B_PAW59116_2cfaf0b1/pod5_pass/PAW59116_pass_2cfaf0b1_98202c91_10852.pod5	PAW59116_pass_2cfaf0b1_98202c91_10852
/orcd/data/chisholm/001/chisholmlab/experiment_repository/2024/240730Chi/PseudoID-24/20240805_1712_1B_PAW59116_2cfaf0b1/pod5_pass/PAW59116_pass_2cfaf0b1_98202c91_10782.pod5	PAW59116_pass_2cfaf0b1_98202c91_10782
/orcd/data/chisholm/001/chisholmlab/experiment_repository/2024/240730Chi/PseudoID-24/20240805_1712_1B_PAW59116_2cfaf0b1/pod5_pass/PAW59116_pass_2cfaf0b1_98202c91_8382.pod5	PAW59116_pass_2cfaf0b1_98202c91_8382
/orcd/data/chisholm/001/chisholmlab/experiment_repository/2024/240730Chi/PseudoID-24/20240805_1712_1B_PAW59116_2cfaf0b1/pod5_pass/PAW59116_pass_2cfaf0b1_98202c91_4311.pod5	PAW59116_pass_2cfaf0b1_98202c91_4311
/orcd/data/chisholm/001/chisholmlab/experiment_repository/2024/240730Chi/PseudoID-24/20240805_1712_1B_PAW59116_2cfaf0b1/pod5_pass/PAW59116_pass_2cfaf0b1_98202c91_2286.pod5	PAW59116_pass_2cfaf0b1_98202c91_2286
/orcd/data/chisholm/001/chisholmlab/experiment_repository/2024/240730Chi/PseudoID-24/20240805_1712_1B_PAW59116_2cfaf0b1/pod5_pass/PAW59116_pass_2cfaf0b1_98202c91_6340.pod5	PAW59116_pass_2cfaf0b1_98202c91_6340
/orcd/data/chisholm/001/chisholmlab/experiment_repository/2024/240730Chi/PseudoID-24/20240805_1712_1B_PAW59116_2cfaf0b1/pod5_pass/PAW59116_pass_2cfaf0b1_98202c91_4275.pod5	PAW59116_pass_2cfaf0b1_98202c91_4275
/orcd/data/chisholm/001/chisholmlab/experiment_repository/2024/240730Chi/PseudoID-24/20240805_1712_1B_PAW59116_2cfaf0b1/pod5_pass/PAW59116_pass_2cfaf0b1_98202c91_6224.pod5	PAW59116_pass_2cfaf0b1_98202c91_6224
/orcd/data/chisholm/001/chisholmlab/experiment_repository/2024/240730Chi/PseudoID-24/20240805_1712_1B_PAW59116_2cfaf0b1/pod5_pass/PAW59116_pass_2cfaf0b1_98202c91_6188.pod5	PAW59116_pass_2cfaf0b1_98202c91_6188
/orcd/data/chisholm/001/chisholmlab/experiment_repository/2024/240730Chi/PseudoID-24/20240805_1712_1B_PAW59116_2cfaf0b1/pod5_pass/PAW59116_pass_2cfaf0b1_98202c91_1245.pod5	PAW59116_pass_2cfaf0b1_98202c91_1245
/orcd/data/chisholm/001/chisholmlab/experiment_repository/2024/240730Chi/PseudoID-24/20240805_1712_1B_PAW59116_2cfaf0b1/pod5_pass/PAW59116_pass_2cfaf0b1_98202c91_274.pod5	PAW59116_pass_2cfaf0b1_98202c91_274
/orcd/data/chisholm/001/chisholmlab/experiment_repository/2024/240730Chi/PseudoID-24/20240805_1712_1B_PAW59116_2cfaf0b1/pod5_pass/PAW59116_pass_2cfaf0b1_98202c91_5383.pod5	PAW59116_pass_2cfaf0b1_98202c91_5383
/orcd/data/chisholm/001/chisholmlab/experiment_repository/2024/240730Chi/PseudoID-24/20240805_1712_1B_PAW59116_2cfaf0b1/pod5_pass/PAW59116_pass_2cfaf0b1_98202c91_3214.pod5	PAW59116_pass_2cfaf0b1_98202c91_3214
/orcd/data/chisholm/001/chisholmlab/experiment_repository/2024/240730Chi/PseudoID-24/20240805_1712_1B_PAW59116_2cfaf0b1/pod5_pass/PAW59116_pass_2cfaf0b1_98202c91_310.pod5	PAW59116_pass_2cfaf0b1_98202c91_310
/orcd/data/chisholm/001/chisholmlab/experiment_repository/2024/240730Chi/PseudoID-24/20240805_1712_1B_PAW59116_2cfaf0b1/pod5_pass/PAW59116_pass_2cfaf0b1_98202c91_1321.pod5	PAW59116_pass_2cfaf0b1_98202c91_1321
/orcd/data/chisholm/001/chisholmlab/experiment_repository/2024/240730Chi/PseudoID-24/20240805_1712_1B_PAW59116_2cfaf0b1/pod5_pass/PAW59116_pass_2cfaf0b1_98202c91_3370.pod5	PAW59116_pass_2cfaf0b1_98202c91_3370
/orcd/data/chisholm/001/chisholmlab/experiment_repository/2024/240730Chi/PseudoID-24/20240805_1712_1B_PAW59116_2cfaf0b1/pod5_pass/PAW59116_pass_2cfaf0b1_98202c91_9193.pod5	PAW59116_pass_2cfaf0b1_98202c91_9193
/orcd/data/chisholm/001/chisholmlab/experiment_repository/2024/240730Chi/PseudoID-24/20240805_1712_1B_PAW59116_2cfaf0b1/pod5_pass/PAW59116_pass_2cfaf0b1_98202c91_8065.pod5	PAW59116_pass_2cfaf0b1_98202c91_8065
/orcd/data/chisholm/001/chisholmlab/experiment_repository/2024/240730Chi/PseudoID-24/20240805_1712_1B_PAW59116_2cfaf0b1/pod5_pass/PAW59116_pass_2cfaf0b1_98202c91_10501.pod5	PAW59116_pass_2cfaf0b1_98202c91_10501
/orcd/data/chisholm/001/chisholmlab/experiment_repository/2024/240730Chi/PseudoID-24/20240805_1712_1B_PAW59116_2cfaf0b1/pod5_pass/PAW59116_pass_2cfaf0b1_98202c91_10465.pod5	PAW59116_pass_2cfaf0b1_98202c91_10465
/orcd/data/chisholm/001/chisholmlab/experiment_repository/2024/240730Chi/PseudoID-24/20240805_1712_1B_PAW59116_2cfaf0b1/pod5_pass/PAW59116_pass_2cfaf0b1_98202c91_8101.pod5	PAW59116_pass_2cfaf0b1_98202c91_8101
/orcd/data/chisholm/001/chisholmlab/experiment_repository/2024/240730Chi/PseudoID-24/20240805_1712_1B_PAW59116_2cfaf0b1/pod5_pass/PAW59116_pass_2cfaf0b1_98202c91_10819.pod5	PAW59116_pass_2cfaf0b1_98202c91_10819
/orcd/data/chisholm/001/chisholmlab/experiment_repository/2024/240730Chi/PseudoID-24/20240805_1712_1B_PAW59116_2cfaf0b1/pod5_pass/PAW59116_pass_2cfaf0b1_98202c91_7399.pod5	PAW59116_pass_2cfaf0b1_98202c91_7399
/orcd/data/chisholm/001/chisholmlab/experiment_repository/2024/240730Chi/PseudoID-24/20240805_1712_1B_PAW59116_2cfaf0b1/pod5_pass/PAW59116_pass_2cfaf0b1_98202c91_4192.pod5	PAW59116_pass_2cfaf0b1_98202c91_4192
/orcd/data/chisholm/001/chisholmlab/experiment_repository/2024/240730Chi/PseudoID-24/20240805_1712_1B_PAW59116_2cfaf0b1/pod5_pass/PAW59116_pass_2cfaf0b1_98202c91_2005.pod5	PAW59116_pass_2cfaf0b1_98202c91_2005
/orcd/data/chisholm/001/chisholmlab/experiment_repository/2024/240730Chi/PseudoID-24/20240805_1712_1B_PAW59116_2cfaf0b1/pod5_pass/PAW59116_pass_2cfaf0b1_98202c91_2161.pod5	PAW59116_pass_2cfaf0b1_98202c91_2161
/orcd/data/chisholm/001/chisholmlab/experiment_repository/2024/240730Chi/PseudoID-24/20240805_1712_1B_PAW59116_2cfaf0b1/pod5_pass/PAW59116_pass_2cfaf0b1_98202c91_5100.pod5	PAW59116_pass_2cfaf0b1_98202c91_5100
/orcd/data/chisholm/001/chisholmlab/experiment_repository/2024/240730Chi/PseudoID-24/20240805_1712_1B_PAW59116_2cfaf0b1/pod5_pass/PAW59116_pass_2cfaf0b1_98202c91_3097.pod5	PAW59116_pass_2cfaf0b1_98202c91_3097
/orcd/data/chisholm/001/chisholmlab/experiment_repository/2024/240730Chi/PseudoID-24/20240805_1712_1B_PAW59116_2cfaf0b1/pod5_pass/PAW59116_pass_2cfaf0b1_98202c91_7151.pod5	PAW59116_pass_2cfaf0b1_98202c91_7151
/orcd/data/chisholm/001/chisholmlab/experiment_repository/2024/240730Chi/PseudoID-24/20240805_1712_1B_PAW59116_2cfaf0b1/pod5_pass/PAW59116_pass_2cfaf0b1_98202c91_5064.pod5	PAW59116_pass_2cfaf0b1_98202c91_5064
/orcd/data/chisholm/001/chisholmlab/experiment_repository/2024/240730Chi/PseudoID-24/20240805_1712_1B_PAW59116_2cfaf0b1/pod5_pass/PAW59116_pass_2cfaf0b1_98202c91_7035.pod5	PAW59116_pass_2cfaf0b1_98202c91_7035
/orcd/data/chisholm/001/chisholmlab/experiment_repository/2024/240730Chi/PseudoID-24/20240805_1712_1B_PAW59116_2cfaf0b1/pod5_pass/PAW59116_pass_2cfaf0b1_98202c91_193.pod5	PAW59116_pass_2cfaf0b1_98202c91_193
/orcd/data/chisholm/001/chisholmlab/experiment_repository/2024/240730Chi/PseudoID-24/20240805_1712_1B_PAW59116_2cfaf0b1/pod5_pass/PAW59116_pass_2cfaf0b1_98202c91_1383.pod5	PAW59116_pass_2cfaf0b1_98202c91_1383
/orcd/data/chisholm/001/chisholmlab/experiment_repository/2024/240730Chi/PseudoID-24/20240805_1712_1B_PAW59116_2cfaf0b1/pod5_pass/PAW59116_pass_2cfaf0b1_98202c91_7214.pod5	PAW59116_pass_2cfaf0b1_98202c91_7214
/orcd/data/chisholm/001/chisholmlab/experiment_repository/2024/240730Chi/PseudoID-24/20240805_1712_1B_PAW59116_2cfaf0b1/pod5_pass/PAW59116_pass_2cfaf0b1_98202c91_5245.pod5	PAW59116_pass_2cfaf0b1_98202c91_5245
/orcd/data/chisholm/001/chisholmlab/experiment_repository/2024/240730Chi/PseudoID-24/20240805_1712_1B_PAW59116_2cfaf0b1/pod5_pass/PAW59116_pass_2cfaf0b1_98202c91_2188.pod5	PAW59116_pass_2cfaf0b1_98202c91_2188
/orcd/data/chisholm/001/chisholmlab/experiment_repository/2024/240730Chi/PseudoID-24/20240805_1712_1B_PAW59116_2cfaf0b1/pod5_pass/PAW59116_pass_2cfaf0b1_98202c91_7370.pod5	PAW59116_pass_2cfaf0b1_98202c91_7370
/orcd/data/chisholm/001/chisholmlab/experiment_repository/2024/240730Chi/PseudoID-24/20240805_1712_1B_PAW59116_2cfaf0b1/pod5_pass/PAW59116_pass_2cfaf0b1_98202c91_5321.pod5	PAW59116_pass_2cfaf0b1_98202c91_5321
/orcd/data/chisholm/001/chisholmlab/experiment_repository/2024/240730Chi/PseudoID-24/20240805_1712_1B_PAW59116_2cfaf0b1/pod5_pass/PAW59116_pass_2cfaf0b1_98202c91_2340.pod5	PAW59116_pass_2cfaf0b1_98202c91_2340
/orcd/data/chisholm/001/chisholmlab/experiment_repository/2024/240730Chi/PseudoID-24/20240805_1712_1B_PAW59116_2cfaf0b1/pod5_pass/PAW59116_pass_2cfaf0b1_98202c91_6286.pod5	PAW59116_pass_2cfaf0b1_98202c91_6286
/orcd/data/chisholm/001/chisholmlab/experiment_repository/2024/240730Chi/PseudoID-24/20240805_1712_1B_PAW59116_2cfaf0b1/pod5_pass/PAW59116_pass_2cfaf0b1_98202c91_2224.pod5	PAW59116_pass_2cfaf0b1_98202c91_2224
/orcd/data/chisholm/001/chisholmlab/experiment_repository/2024/240730Chi/PseudoID-24/20240805_1712_1B_PAW59116_2cfaf0b1/pod5_pass/PAW59116_pass_2cfaf0b1_98202c91_8320.pod5	PAW59116_pass_2cfaf0b1_98202c91_8320
/orcd/data/chisholm/001/chisholmlab/experiment_repository/2024/240730Chi/PseudoID-24/20240805_1712_1B_PAW59116_2cfaf0b1/pod5_pass/PAW59116_pass_2cfaf0b1_98202c91_10644.pod5	PAW59116_pass_2cfaf0b1_98202c91_10644
/orcd/data/chisholm/001/chisholmlab/experiment_repository/2024/240730Chi/PseudoID-24/20240805_1712_1B_PAW59116_2cfaf0b1/pod5_pass/PAW59116_pass_2cfaf0b1_98202c91_10720.pod5	PAW59116_pass_2cfaf0b1_98202c91_10720
