motif_ID	motif_ALT_ID	motif_Score	seq_ID	seq_Score	seq_Class	is_holdout?
1-GGAGGWTVYKR	STREME-1	7.7e-036	4	18.24	tp	0
1-GGAGGWTVYKR	STREME-1	7.7e-036	5	18.24	tp	0
1-GGAGGWTVYKR	STREME-1	7.7e-036	14	17.59	tp	0
1-GGAGGWTVYKR	STREME-1	7.7e-036	0	16.86	fp	0
1-GGAGGWTVYKR	STREME-1	7.7e-036	0	16.86	fp	0
1-GGAGGWTVYKR	STREME-1	7.7e-036	0	16.81	fp	0
1-GGAGGWTVYKR	STREME-1	7.7e-036	0	16.81	fp	0
1-GGAGGWTVYKR	STREME-1	7.7e-036	0	16.29	fp	0
1-GGAGGWTVYKR	STREME-1	7.7e-036	0	16.24	fp	0
1-GGAGGWTVYKR	STREME-1	7.7e-036	0	16.24	fp	0
1-GGAGGWTVYKR	STREME-1	7.7e-036	0	16.17	fp	0
1-GGAGGWTVYKR	STREME-1	7.7e-036	0	16.03	fp	0
1-GGAGGWTVYKR	STREME-1	7.7e-036	0	16.03	fp	0
1-GGAGGWTVYKR	STREME-1	7.7e-036	0	16.00	fp	0
1-GGAGGWTVYKR	STREME-1	7.7e-036	0	16.00	fp	0
1-GGAGGWTVYKR	STREME-1	7.7e-036	0	16.00	fp	0
1-GGAGGWTVYKR	STREME-1	7.7e-036	0	15.94	fp	0
1-GGAGGWTVYKR	STREME-1	7.7e-036	0	15.94	fp	0
1-GGAGGWTVYKR	STREME-1	7.7e-036	0	15.85	fp	0
1-GGAGGWTVYKR	STREME-1	7.7e-036	0	15.85	fp	0
1-GGAGGWTVYKR	STREME-1	7.7e-036	0	15.85	fp	0
1-GGAGGWTVYKR	STREME-1	7.7e-036	7	15.82	tp	0
1-GGAGGWTVYKR	STREME-1	7.7e-036	0	15.81	fp	0
1-GGAGGWTVYKR	STREME-1	7.7e-036	0	15.81	fp	0
1-GGAGGWTVYKR	STREME-1	7.7e-036	0	15.81	fp	0
1-GGAGGWTVYKR	STREME-1	7.7e-036	0	15.81	fp	0
1-GGAGGWTVYKR	STREME-1	7.7e-036	0	15.59	fp	0
1-GGAGGWTVYKR	STREME-1	7.7e-036	0	15.53	fp	0
1-GGAGGWTVYKR	STREME-1	7.7e-036	0	15.53	fp	0
1-GGAGGWTVYKR	STREME-1	7.7e-036	0	15.53	fp	0
1-GGAGGWTVYKR	STREME-1	7.7e-036	0	15.52	fp	0
1-GGAGGWTVYKR	STREME-1	7.7e-036	0	15.31	fp	0
1-GGAGGWTVYKR	STREME-1	7.7e-036	0	15.30	fp	0
1-GGAGGWTVYKR	STREME-1	7.7e-036	0	15.29	fp	0
1-GGAGGWTVYKR	STREME-1	7.7e-036	0	15.21	fp	0
1-GGAGGWTVYKR	STREME-1	7.7e-036	0	15.11	fp	0
1-GGAGGWTVYKR	STREME-1	7.7e-036	0	15.11	fp	0
1-GGAGGWTVYKR	STREME-1	7.7e-036	0	15.11	fp	0
1-GGAGGWTVYKR	STREME-1	7.7e-036	0	15.11	fp	0
1-GGAGGWTVYKR	STREME-1	7.7e-036	0	15.09	fp	0
1-GGAGGWTVYKR	STREME-1	7.7e-036	0	15.09	fp	0
1-GGAGGWTVYKR	STREME-1	7.7e-036	0	14.95	fp	0
1-GGAGGWTVYKR	STREME-1	7.7e-036	0	14.95	fp	0
1-GGAGGWTVYKR	STREME-1	7.7e-036	0	14.91	fp	0
1-GGAGGWTVYKR	STREME-1	7.7e-036	0	14.84	fp	0
1-GGAGGWTVYKR	STREME-1	7.7e-036	0	14.84	fp	0
1-GGAGGWTVYKR	STREME-1	7.7e-036	0	14.84	fp	0
1-GGAGGWTVYKR	STREME-1	7.7e-036	0	14.84	fp	0
1-GGAGGWTVYKR	STREME-1	7.7e-036	0	14.84	fp	0
1-GGAGGWTVYKR	STREME-1	7.7e-036	0	14.84	fp	0
1-GGAGGWTVYKR	STREME-1	7.7e-036	0	14.76	fp	0
1-GGAGGWTVYKR	STREME-1	7.7e-036	0	14.73	fp	0
1-GGAGGWTVYKR	STREME-1	7.7e-036	0	14.71	fp	0
1-GGAGGWTVYKR	STREME-1	7.7e-036	0	14.71	fp	0
1-GGAGGWTVYKR	STREME-1	7.7e-036	16	14.68	tp	0
1-GGAGGWTVYKR	STREME-1	7.7e-036	0	14.68	fp	0
1-GGAGGWTVYKR	STREME-1	7.7e-036	0	14.66	fp	0
1-GGAGGWTVYKR	STREME-1	7.7e-036	0	14.58	fp	0
1-GGAGGWTVYKR	STREME-1	7.7e-036	0	14.58	fp	0
1-GGAGGWTVYKR	STREME-1	7.7e-036	0	14.56	fp	0
1-GGAGGWTVYKR	STREME-1	7.7e-036	0	14.56	fp	0
1-GGAGGWTVYKR	STREME-1	7.7e-036	0	14.51	fp	0
1-GGAGGWTVYKR	STREME-1	7.7e-036	0	14.51	fp	0
1-GGAGGWTVYKR	STREME-1	7.7e-036	0	14.51	fp	0
1-GGAGGWTVYKR	STREME-1	7.7e-036	0	14.46	fp	0
1-GGAGGWTVYKR	STREME-1	7.7e-036	0	14.43	fp	0
1-GGAGGWTVYKR	STREME-1	7.7e-036	0	14.43	fp	0
1-GGAGGWTVYKR	STREME-1	7.7e-036	0	14.40	fp	0
1-GGAGGWTVYKR	STREME-1	7.7e-036	0	14.40	fp	0
1-GGAGGWTVYKR	STREME-1	7.7e-036	0	14.40	fp	0
1-GGAGGWTVYKR	STREME-1	7.7e-036	0	14.38	fp	0
1-GGAGGWTVYKR	STREME-1	7.7e-036	0	14.35	fp	0
1-GGAGGWTVYKR	STREME-1	7.7e-036	0	14.35	fp	0
1-GGAGGWTVYKR	STREME-1	7.7e-036	0	14.27	fp	0
1-GGAGGWTVYKR	STREME-1	7.7e-036	0	14.26	fp	0
1-GGAGGWTVYKR	STREME-1	7.7e-036	0	14.26	fp	0
1-GGAGGWTVYKR	STREME-1	7.7e-036	0	14.26	fp	0
1-GGAGGWTVYKR	STREME-1	7.7e-036	0	14.26	fp	0
1-GGAGGWTVYKR	STREME-1	7.7e-036	0	14.26	fp	0
1-GGAGGWTVYKR	STREME-1	7.7e-036	0	14.25	fp	0
1-GGAGGWTVYKR	STREME-1	7.7e-036	0	14.25	fp	0
1-GGAGGWTVYKR	STREME-1	7.7e-036	0	14.24	fp	0
1-GGAGGWTVYKR	STREME-1	7.7e-036	0	14.20	fp	0
1-GGAGGWTVYKR	STREME-1	7.7e-036	0	14.20	fp	0
1-GGAGGWTVYKR	STREME-1	7.7e-036	0	14.20	fp	0
1-GGAGGWTVYKR	STREME-1	7.7e-036	0	14.19	fp	0
1-GGAGGWTVYKR	STREME-1	7.7e-036	0	14.19	fp	0
1-GGAGGWTVYKR	STREME-1	7.7e-036	0	14.19	fp	0
1-GGAGGWTVYKR	STREME-1	7.7e-036	0	14.16	fp	0
1-GGAGGWTVYKR	STREME-1	7.7e-036	0	14.15	fp	0
1-GGAGGWTVYKR	STREME-1	7.7e-036	0	14.12	fp	0
1-GGAGGWTVYKR	STREME-1	7.7e-036	0	14.09	fp	0
1-GGAGGWTVYKR	STREME-1	7.7e-036	0	14.09	fp	0
1-GGAGGWTVYKR	STREME-1	7.7e-036	0	14.09	fp	0
1-GGAGGWTVYKR	STREME-1	7.7e-036	0	14.08	fp	0
1-GGAGGWTVYKR	STREME-1	7.7e-036	0	14.08	fp	0
1-GGAGGWTVYKR	STREME-1	7.7e-036	0	14.05	fp	0
1-GGAGGWTVYKR	STREME-1	7.7e-036	0	14.01	fp	0
1-GGAGGWTVYKR	STREME-1	7.7e-036	0	14.01	fp	0
1-GGAGGWTVYKR	STREME-1	7.7e-036	0	14.00	fp	0
1-GGAGGWTVYKR	STREME-1	7.7e-036	0	14.00	fp	0
1-GGAGGWTVYKR	STREME-1	7.7e-036	0	14.00	fp	0
1-GGAGGWTVYKR	STREME-1	7.7e-036	0	13.96	fp	0
1-GGAGGWTVYKR	STREME-1	7.7e-036	0	13.96	fp	0
1-GGAGGWTVYKR	STREME-1	7.7e-036	0	13.96	fp	0
1-GGAGGWTVYKR	STREME-1	7.7e-036	0	13.96	fp	0
1-GGAGGWTVYKR	STREME-1	7.7e-036	0	13.96	fp	0
1-GGAGGWTVYKR	STREME-1	7.7e-036	0	13.96	fp	0
1-GGAGGWTVYKR	STREME-1	7.7e-036	0	13.96	fp	0
1-GGAGGWTVYKR	STREME-1	7.7e-036	0	13.96	fp	0
1-GGAGGWTVYKR	STREME-1	7.7e-036	0	13.91	fp	0
1-GGAGGWTVYKR	STREME-1	7.7e-036	0	13.91	fp	0
1-GGAGGWTVYKR	STREME-1	7.7e-036	0	13.81	fp	0
1-GGAGGWTVYKR	STREME-1	7.7e-036	0	13.81	fp	0
1-GGAGGWTVYKR	STREME-1	7.7e-036	0	13.76	fp	0
1-GGAGGWTVYKR	STREME-1	7.7e-036	0	13.76	fp	0
1-GGAGGWTVYKR	STREME-1	7.7e-036	0	13.76	fp	0
1-GGAGGWTVYKR	STREME-1	7.7e-036	0	13.76	fp	0
1-GGAGGWTVYKR	STREME-1	7.7e-036	0	13.71	fp	0
1-GGAGGWTVYKR	STREME-1	7.7e-036	0	13.71	fp	0
1-GGAGGWTVYKR	STREME-1	7.7e-036	0	13.71	fp	0
1-GGAGGWTVYKR	STREME-1	7.7e-036	0	13.70	fp	0
1-GGAGGWTVYKR	STREME-1	7.7e-036	0	13.68	fp	0
1-GGAGGWTVYKR	STREME-1	7.7e-036	0	13.67	fp	0
1-GGAGGWTVYKR	STREME-1	7.7e-036	0	13.67	fp	0
1-GGAGGWTVYKR	STREME-1	7.7e-036	0	13.67	fp	0
1-GGAGGWTVYKR	STREME-1	7.7e-036	0	13.67	fp	0
1-GGAGGWTVYKR	STREME-1	7.7e-036	0	13.67	fp	0
1-GGAGGWTVYKR	STREME-1	7.7e-036	0	13.66	fp	0
1-GGAGGWTVYKR	STREME-1	7.7e-036	0	13.66	fp	0
1-GGAGGWTVYKR	STREME-1	7.7e-036	0	13.66	fp	0
1-GGAGGWTVYKR	STREME-1	7.7e-036	0	13.66	fp	0
1-GGAGGWTVYKR	STREME-1	7.7e-036	0	13.65	fp	0
1-GGAGGWTVYKR	STREME-1	7.7e-036	0	13.62	fp	0
1-GGAGGWTVYKR	STREME-1	7.7e-036	0	13.62	fp	0
1-GGAGGWTVYKR	STREME-1	7.7e-036	0	13.62	fp	0
1-GGAGGWTVYKR	STREME-1	7.7e-036	0	13.62	fp	0
1-GGAGGWTVYKR	STREME-1	7.7e-036	0	13.62	fp	0
1-GGAGGWTVYKR	STREME-1	7.7e-036	0	13.56	fp	0
1-GGAGGWTVYKR	STREME-1	7.7e-036	0	13.54	fp	0
1-GGAGGWTVYKR	STREME-1	7.7e-036	0	13.54	fp	0
1-GGAGGWTVYKR	STREME-1	7.7e-036	0	13.50	fp	0
1-GGAGGWTVYKR	STREME-1	7.7e-036	0	13.50	fp	0
1-GGAGGWTVYKR	STREME-1	7.7e-036	0	13.48	fp	0
1-GGAGGWTVYKR	STREME-1	7.7e-036	0	13.45	fp	0
1-GGAGGWTVYKR	STREME-1	7.7e-036	0	13.45	fp	0
1-GGAGGWTVYKR	STREME-1	7.7e-036	0	13.44	fp	0
1-GGAGGWTVYKR	STREME-1	7.7e-036	0	13.44	fp	0
1-GGAGGWTVYKR	STREME-1	7.7e-036	0	13.44	fp	0
1-GGAGGWTVYKR	STREME-1	7.7e-036	0	13.43	fp	0
1-GGAGGWTVYKR	STREME-1	7.7e-036	0	13.43	fp	0
1-GGAGGWTVYKR	STREME-1	7.7e-036	0	13.41	fp	0
1-GGAGGWTVYKR	STREME-1	7.7e-036	0	13.39	fp	0
1-GGAGGWTVYKR	STREME-1	7.7e-036	0	13.39	fp	0
1-GGAGGWTVYKR	STREME-1	7.7e-036	0	13.39	fp	0
1-GGAGGWTVYKR	STREME-1	7.7e-036	0	13.36	fp	0
1-GGAGGWTVYKR	STREME-1	7.7e-036	0	13.36	fp	0
1-GGAGGWTVYKR	STREME-1	7.7e-036	12	13.36	tp	0
1-GGAGGWTVYKR	STREME-1	7.7e-036	0	13.36	fp	0
1-GGAGGWTVYKR	STREME-1	7.7e-036	0	13.34	fp	0
1-GGAGGWTVYKR	STREME-1	7.7e-036	0	13.33	fp	0
1-GGAGGWTVYKR	STREME-1	7.7e-036	0	13.30	fp	0
1-GGAGGWTVYKR	STREME-1	7.7e-036	0	13.26	fp	0
1-GGAGGWTVYKR	STREME-1	7.7e-036	0	13.20	fp	0
1-GGAGGWTVYKR	STREME-1	7.7e-036	0	13.18	fp	0
1-GGAGGWTVYKR	STREME-1	7.7e-036	0	13.18	fp	0
1-GGAGGWTVYKR	STREME-1	7.7e-036	0	13.00	fp	0
1-GGAGGWTVYKR	STREME-1	7.7e-036	0	13.00	fp	0
1-GGAGGWTVYKR	STREME-1	7.7e-036	0	13.00	fp	0
1-GGAGGWTVYKR	STREME-1	7.7e-036	0	12.97	fp	0
1-GGAGGWTVYKR	STREME-1	7.7e-036	0	12.91	fp	0
1-GGAGGWTVYKR	STREME-1	7.7e-036	0	12.91	fp	0
1-GGAGGWTVYKR	STREME-1	7.7e-036	0	12.91	fp	0
1-GGAGGWTVYKR	STREME-1	7.7e-036	0	12.90	fp	0
1-GGAGGWTVYKR	STREME-1	7.7e-036	0	12.87	fp	0
1-GGAGGWTVYKR	STREME-1	7.7e-036	0	12.87	fp	0
1-GGAGGWTVYKR	STREME-1	7.7e-036	0	12.87	fp	0
1-GGAGGWTVYKR	STREME-1	7.7e-036	0	12.87	fp	0
1-GGAGGWTVYKR	STREME-1	7.7e-036	10	12.84	tp	0
1-GGAGGWTVYKR	STREME-1	7.7e-036	0	12.84	fp	0
1-GGAGGWTVYKR	STREME-1	7.7e-036	0	12.84	fp	0
1-GGAGGWTVYKR	STREME-1	7.7e-036	0	12.83	fp	0
1-GGAGGWTVYKR	STREME-1	7.7e-036	0	12.82	fp	0
1-GGAGGWTVYKR	STREME-1	7.7e-036	0	12.82	fp	0
1-GGAGGWTVYKR	STREME-1	7.7e-036	6	12.82	tp	0
1-GGAGGWTVYKR	STREME-1	7.7e-036	13	12.82	tp	0
1-GGAGGWTVYKR	STREME-1	7.7e-036	0	12.82	fp	0
1-GGAGGWTVYKR	STREME-1	7.7e-036	0	12.82	fp	0
1-GGAGGWTVYKR	STREME-1	7.7e-036	0	12.82	fp	0
1-GGAGGWTVYKR	STREME-1	7.7e-036	0	12.82	fp	0
1-GGAGGWTVYKR	STREME-1	7.7e-036	0	12.82	fp	0
1-GGAGGWTVYKR	STREME-1	7.7e-036	0	12.80	fp	0
1-GGAGGWTVYKR	STREME-1	7.7e-036	0	12.76	fp	0
1-GGAGGWTVYKR	STREME-1	7.7e-036	0	12.75	fp	0
1-GGAGGWTVYKR	STREME-1	7.7e-036	0	12.75	fp	0
1-GGAGGWTVYKR	STREME-1	7.7e-036	0	12.75	fp	0
1-GGAGGWTVYKR	STREME-1	7.7e-036	0	12.73	fp	0
1-GGAGGWTVYKR	STREME-1	7.7e-036	0	12.72	fp	0
1-GGAGGWTVYKR	STREME-1	7.7e-036	0	12.72	fp	0
1-GGAGGWTVYKR	STREME-1	7.7e-036	0	12.71	fp	0
1-GGAGGWTVYKR	STREME-1	7.7e-036	0	12.70	fp	0
1-GGAGGWTVYKR	STREME-1	7.7e-036	0	12.70	fp	0
1-GGAGGWTVYKR	STREME-1	7.7e-036	0	12.70	fp	0
1-GGAGGWTVYKR	STREME-1	7.7e-036	0	12.68	fp	0
1-GGAGGWTVYKR	STREME-1	7.7e-036	0	12.68	fp	0
1-GGAGGWTVYKR	STREME-1	7.7e-036	0	12.68	fp	0
1-GGAGGWTVYKR	STREME-1	7.7e-036	0	12.68	fp	0
1-GGAGGWTVYKR	STREME-1	7.7e-036	0	12.68	fp	0
1-GGAGGWTVYKR	STREME-1	7.7e-036	0	12.68	fp	0
1-GGAGGWTVYKR	STREME-1	7.7e-036	0	12.67	fp	0
1-GGAGGWTVYKR	STREME-1	7.7e-036	0	12.65	fp	0
1-GGAGGWTVYKR	STREME-1	7.7e-036	11	12.65	tp	0
1-GGAGGWTVYKR	STREME-1	7.7e-036	0	12.65	fp	0
1-GGAGGWTVYKR	STREME-1	7.7e-036	0	12.65	fp	0
1-GGAGGWTVYKR	STREME-1	7.7e-036	0	12.63	fp	0
1-GGAGGWTVYKR	STREME-1	7.7e-036	0	12.62	fp	0
1-GGAGGWTVYKR	STREME-1	7.7e-036	0	12.62	fp	0
1-GGAGGWTVYKR	STREME-1	7.7e-036	0	12.57	fp	0
1-GGAGGWTVYKR	STREME-1	7.7e-036	0	12.51	fp	0
1-GGAGGWTVYKR	STREME-1	7.7e-036	0	12.51	fp	0
1-GGAGGWTVYKR	STREME-1	7.7e-036	0	12.51	fp	0
1-GGAGGWTVYKR	STREME-1	7.7e-036	0	12.46	fp	0
1-GGAGGWTVYKR	STREME-1	7.7e-036	0	12.46	fp	0
1-GGAGGWTVYKR	STREME-1	7.7e-036	0	12.43	fp	0
1-GGAGGWTVYKR	STREME-1	7.7e-036	0	12.41	fp	0
1-GGAGGWTVYKR	STREME-1	7.7e-036	0	12.40	fp	0
1-GGAGGWTVYKR	STREME-1	7.7e-036	0	12.40	fp	0
1-GGAGGWTVYKR	STREME-1	7.7e-036	0	12.29	fp	0
1-GGAGGWTVYKR	STREME-1	7.7e-036	0	12.29	fp	0
1-GGAGGWTVYKR	STREME-1	7.7e-036	0	12.29	fp	0
1-GGAGGWTVYKR	STREME-1	7.7e-036	15	12.25	tp	0
1-GGAGGWTVYKR	STREME-1	7.7e-036	0	12.25	fp	0
1-GGAGGWTVYKR	STREME-1	7.7e-036	0	12.25	fp	0
1-GGAGGWTVYKR	STREME-1	7.7e-036	0	12.25	fp	0
1-GGAGGWTVYKR	STREME-1	7.7e-036	0	12.25	fp	0
1-GGAGGWTVYKR	STREME-1	7.7e-036	0	12.25	fp	0
1-GGAGGWTVYKR	STREME-1	7.7e-036	0	12.24	fp	0
1-GGAGGWTVYKR	STREME-1	7.7e-036	0	12.24	fp	0
1-GGAGGWTVYKR	STREME-1	7.7e-036	0	12.24	fp	0
1-GGAGGWTVYKR	STREME-1	7.7e-036	0	12.24	fp	0
1-GGAGGWTVYKR	STREME-1	7.7e-036	0	12.22	fp	0
1-GGAGGWTVYKR	STREME-1	7.7e-036	0	12.19	fp	0
1-GGAGGWTVYKR	STREME-1	7.7e-036	0	12.18	fp	0
1-GGAGGWTVYKR	STREME-1	7.7e-036	0	12.18	fp	0
1-GGAGGWTVYKR	STREME-1	7.7e-036	0	12.18	fp	0
1-GGAGGWTVYKR	STREME-1	7.7e-036	0	12.18	fp	0
1-GGAGGWTVYKR	STREME-1	7.7e-036	0	12.18	fp	0
1-GGAGGWTVYKR	STREME-1	7.7e-036	0	12.17	fp	0
1-GGAGGWTVYKR	STREME-1	7.7e-036	0	12.14	fp	0
1-GGAGGWTVYKR	STREME-1	7.7e-036	0	12.12	fp	0
1-GGAGGWTVYKR	STREME-1	7.7e-036	0	12.11	fp	0
1-GGAGGWTVYKR	STREME-1	7.7e-036	0	12.11	fp	0
1-GGAGGWTVYKR	STREME-1	7.7e-036	0	12.11	fp	0
1-GGAGGWTVYKR	STREME-1	7.7e-036	0	12.09	fp	0
1-GGAGGWTVYKR	STREME-1	7.7e-036	0	12.07	fp	0
1-GGAGGWTVYKR	STREME-1	7.7e-036	0	12.07	fp	0
1-GGAGGWTVYKR	STREME-1	7.7e-036	0	12.07	fp	0
1-GGAGGWTVYKR	STREME-1	7.7e-036	0	12.07	fp	0
1-GGAGGWTVYKR	STREME-1	7.7e-036	0	12.04	fp	0
1-GGAGGWTVYKR	STREME-1	7.7e-036	0	12.03	fp	0
1-GGAGGWTVYKR	STREME-1	7.7e-036	0	12.03	fp	0
1-GGAGGWTVYKR	STREME-1	7.7e-036	0	12.02	fp	0
1-GGAGGWTVYKR	STREME-1	7.7e-036	0	12.02	fp	0
1-GGAGGWTVYKR	STREME-1	7.7e-036	0	12.02	fp	0
1-GGAGGWTVYKR	STREME-1	7.7e-036	0	12.02	fp	0
1-GGAGGWTVYKR	STREME-1	7.7e-036	0	12.00	fp	0
1-GGAGGWTVYKR	STREME-1	7.7e-036	0	12.00	fp	0
1-GGAGGWTVYKR	STREME-1	7.7e-036	0	12.00	fp	0
1-GGAGGWTVYKR	STREME-1	7.7e-036	0	11.99	fp	0
1-GGAGGWTVYKR	STREME-1	7.7e-036	0	11.99	fp	0
1-GGAGGWTVYKR	STREME-1	7.7e-036	0	11.97	fp	0
1-GGAGGWTVYKR	STREME-1	7.7e-036	0	11.95	fp	0
1-GGAGGWTVYKR	STREME-1	7.7e-036	0	11.92	fp	0
1-GGAGGWTVYKR	STREME-1	7.7e-036	0	11.91	fp	0
1-GGAGGWTVYKR	STREME-1	7.7e-036	0	11.91	fp	0
1-GGAGGWTVYKR	STREME-1	7.7e-036	0	11.91	fp	0
1-GGAGGWTVYKR	STREME-1	7.7e-036	0	11.89	fp	0
1-GGAGGWTVYKR	STREME-1	7.7e-036	0	11.89	fp	0
1-GGAGGWTVYKR	STREME-1	7.7e-036	0	11.87	fp	0
1-GGAGGWTVYKR	STREME-1	7.7e-036	0	11.85	fp	0
1-GGAGGWTVYKR	STREME-1	7.7e-036	0	11.85	fp	0
1-GGAGGWTVYKR	STREME-1	7.7e-036	0	11.85	fp	0
1-GGAGGWTVYKR	STREME-1	7.7e-036	0	11.85	fp	0
1-GGAGGWTVYKR	STREME-1	7.7e-036	0	11.85	fp	0
1-GGAGGWTVYKR	STREME-1	7.7e-036	0	11.85	fp	0
1-GGAGGWTVYKR	STREME-1	7.7e-036	0	11.78	fp	0
1-GGAGGWTVYKR	STREME-1	7.7e-036	0	11.77	fp	0
1-GGAGGWTVYKR	STREME-1	7.7e-036	0	11.77	fp	0
1-GGAGGWTVYKR	STREME-1	7.7e-036	0	11.74	fp	0
1-GGAGGWTVYKR	STREME-1	7.7e-036	0	11.74	fp	0
1-GGAGGWTVYKR	STREME-1	7.7e-036	0	11.74	fp	0
1-GGAGGWTVYKR	STREME-1	7.7e-036	0	11.73	fp	0
1-GGAGGWTVYKR	STREME-1	7.7e-036	0	11.73	fp	0
1-GGAGGWTVYKR	STREME-1	7.7e-036	0	11.73	fp	0
1-GGAGGWTVYKR	STREME-1	7.7e-036	0	11.73	fp	0
1-GGAGGWTVYKR	STREME-1	7.7e-036	0	11.73	fp	0
1-GGAGGWTVYKR	STREME-1	7.7e-036	0	11.73	fp	0
1-GGAGGWTVYKR	STREME-1	7.7e-036	0	11.73	fp	0
1-GGAGGWTVYKR	STREME-1	7.7e-036	0	11.73	fp	0
1-GGAGGWTVYKR	STREME-1	7.7e-036	0	11.73	fp	0
1-GGAGGWTVYKR	STREME-1	7.7e-036	0	11.73	fp	0
1-GGAGGWTVYKR	STREME-1	7.7e-036	0	11.73	fp	0
1-GGAGGWTVYKR	STREME-1	7.7e-036	0	11.73	fp	0
1-GGAGGWTVYKR	STREME-1	7.7e-036	0	11.72	fp	0
1-GGAGGWTVYKR	STREME-1	7.7e-036	0	11.72	fp	0
1-GGAGGWTVYKR	STREME-1	7.7e-036	0	11.72	fp	0
1-GGAGGWTVYKR	STREME-1	7.7e-036	0	11.71	fp	0
1-GGAGGWTVYKR	STREME-1	7.7e-036	0	11.70	fp	0
1-GGAGGWTVYKR	STREME-1	7.7e-036	0	11.70	fp	0
1-GGAGGWTVYKR	STREME-1	7.7e-036	0	11.68	fp	0
1-GGAGGWTVYKR	STREME-1	7.7e-036	0	11.67	fp	0
1-GGAGGWTVYKR	STREME-1	7.7e-036	0	11.67	fp	0
1-GGAGGWTVYKR	STREME-1	7.7e-036	0	11.67	fp	0
1-GGAGGWTVYKR	STREME-1	7.7e-036	0	11.66	fp	0
1-GGAGGWTVYKR	STREME-1	7.7e-036	0	11.66	fp	0
1-GGAGGWTVYKR	STREME-1	7.7e-036	0	11.66	fp	0
1-GGAGGWTVYKR	STREME-1	7.7e-036	0	11.66	fp	0
1-GGAGGWTVYKR	STREME-1	7.7e-036	0	11.66	fp	0
1-GGAGGWTVYKR	STREME-1	7.7e-036	0	11.66	fp	0
1-GGAGGWTVYKR	STREME-1	7.7e-036	0	11.66	fp	0
1-GGAGGWTVYKR	STREME-1	7.7e-036	0	11.65	fp	0
1-GGAGGWTVYKR	STREME-1	7.7e-036	0	11.65	fp	0
1-GGAGGWTVYKR	STREME-1	7.7e-036	0	11.64	fp	0
1-GGAGGWTVYKR	STREME-1	7.7e-036	0	11.64	fp	0
1-GGAGGWTVYKR	STREME-1	7.7e-036	0	11.63	fp	0
1-GGAGGWTVYKR	STREME-1	7.7e-036	0	11.61	fp	0
1-GGAGGWTVYKR	STREME-1	7.7e-036	0	11.60	fp	0
1-GGAGGWTVYKR	STREME-1	7.7e-036	0	11.60	fp	0
1-GGAGGWTVYKR	STREME-1	7.7e-036	0	11.60	fp	0
1-GGAGGWTVYKR	STREME-1	7.7e-036	0	11.59	fp	0
1-GGAGGWTVYKR	STREME-1	7.7e-036	0	11.59	fp	0
1-GGAGGWTVYKR	STREME-1	7.7e-036	0	11.58	fp	0
1-GGAGGWTVYKR	STREME-1	7.7e-036	0	11.58	fp	0
1-GGAGGWTVYKR	STREME-1	7.7e-036	0	11.57	fp	0
1-GGAGGWTVYKR	STREME-1	7.7e-036	0	11.57	fp	0
1-GGAGGWTVYKR	STREME-1	7.7e-036	0	11.57	fp	0
1-GGAGGWTVYKR	STREME-1	7.7e-036	0	11.57	fp	0
1-GGAGGWTVYKR	STREME-1	7.7e-036	0	11.55	fp	0
1-GGAGGWTVYKR	STREME-1	7.7e-036	0	11.55	fp	0
1-GGAGGWTVYKR	STREME-1	7.7e-036	0	11.54	fp	0
1-GGAGGWTVYKR	STREME-1	7.7e-036	0	11.54	fp	0
1-GGAGGWTVYKR	STREME-1	7.7e-036	0	11.51	fp	0
1-GGAGGWTVYKR	STREME-1	7.7e-036	0	11.51	fp	0
1-GGAGGWTVYKR	STREME-1	7.7e-036	0	11.49	fp	0
1-GGAGGWTVYKR	STREME-1	7.7e-036	0	11.49	fp	0
1-GGAGGWTVYKR	STREME-1	7.7e-036	0	11.49	fp	0
1-GGAGGWTVYKR	STREME-1	7.7e-036	0	11.49	fp	0
1-GGAGGWTVYKR	STREME-1	7.7e-036	0	11.49	fp	0
1-GGAGGWTVYKR	STREME-1	7.7e-036	0	11.48	fp	0
1-GGAGGWTVYKR	STREME-1	7.7e-036	0	11.46	fp	0
1-GGAGGWTVYKR	STREME-1	7.7e-036	0	11.46	fp	0
1-GGAGGWTVYKR	STREME-1	7.7e-036	0	11.45	fp	0
1-GGAGGWTVYKR	STREME-1	7.7e-036	0	11.45	fp	0
1-GGAGGWTVYKR	STREME-1	7.7e-036	8	11.41	tp	0
1-GGAGGWTVYKR	STREME-1	7.7e-036	0	11.41	fp	0
1-GGAGGWTVYKR	STREME-1	7.7e-036	0	11.41	fp	0
1-GGAGGWTVYKR	STREME-1	7.7e-036	0	11.40	fp	0
1-GGAGGWTVYKR	STREME-1	7.7e-036	0	11.37	fp	0
1-GGAGGWTVYKR	STREME-1	7.7e-036	0	11.35	fp	0
1-GGAGGWTVYKR	STREME-1	7.7e-036	0	11.35	fp	0
1-GGAGGWTVYKR	STREME-1	7.7e-036	0	11.35	fp	0
1-GGAGGWTVYKR	STREME-1	7.7e-036	0	11.35	fp	0
1-GGAGGWTVYKR	STREME-1	7.7e-036	0	11.35	fp	0
1-GGAGGWTVYKR	STREME-1	7.7e-036	0	11.35	fp	0
1-GGAGGWTVYKR	STREME-1	7.7e-036	0	11.35	fp	0
1-GGAGGWTVYKR	STREME-1	7.7e-036	0	11.35	fp	0
1-GGAGGWTVYKR	STREME-1	7.7e-036	0	11.34	fp	0
1-GGAGGWTVYKR	STREME-1	7.7e-036	0	11.30	fp	0
1-GGAGGWTVYKR	STREME-1	7.7e-036	0	11.30	fp	0
1-GGAGGWTVYKR	STREME-1	7.7e-036	0	11.29	fp	0
1-GGAGGWTVYKR	STREME-1	7.7e-036	0	11.29	fp	0
1-GGAGGWTVYKR	STREME-1	7.7e-036	0	11.29	fp	0
1-GGAGGWTVYKR	STREME-1	7.7e-036	0	11.25	fp	0
1-GGAGGWTVYKR	STREME-1	7.7e-036	0	11.25	fp	0
1-GGAGGWTVYKR	STREME-1	7.7e-036	0	11.25	fp	0
1-GGAGGWTVYKR	STREME-1	7.7e-036	0	11.25	fp	0
1-GGAGGWTVYKR	STREME-1	7.7e-036	0	11.25	fp	0
1-GGAGGWTVYKR	STREME-1	7.7e-036	0	11.22	fp	0
1-GGAGGWTVYKR	STREME-1	7.7e-036	0	11.22	fp	0
1-GGAGGWTVYKR	STREME-1	7.7e-036	0	11.21	fp	0
1-GGAGGWTVYKR	STREME-1	7.7e-036	0	11.21	fp	0
1-GGAGGWTVYKR	STREME-1	7.7e-036	0	11.21	fp	0
1-GGAGGWTVYKR	STREME-1	7.7e-036	0	11.21	fp	0
1-GGAGGWTVYKR	STREME-1	7.7e-036	0	11.21	fp	0
1-GGAGGWTVYKR	STREME-1	7.7e-036	0	11.19	fp	0
1-GGAGGWTVYKR	STREME-1	7.7e-036	0	11.19	fp	0
1-GGAGGWTVYKR	STREME-1	7.7e-036	0	11.19	fp	0
1-GGAGGWTVYKR	STREME-1	7.7e-036	0	11.19	fp	0
1-GGAGGWTVYKR	STREME-1	7.7e-036	0	11.19	fp	0
1-GGAGGWTVYKR	STREME-1	7.7e-036	0	11.17	fp	0
1-GGAGGWTVYKR	STREME-1	7.7e-036	0	11.17	fp	0
1-GGAGGWTVYKR	STREME-1	7.7e-036	0	11.17	fp	0
1-GGAGGWTVYKR	STREME-1	7.7e-036	0	11.17	fp	0
1-GGAGGWTVYKR	STREME-1	7.7e-036	0	11.17	fp	0
1-GGAGGWTVYKR	STREME-1	7.7e-036	0	11.17	fp	0
1-GGAGGWTVYKR	STREME-1	7.7e-036	0	11.16	fp	0
1-GGAGGWTVYKR	STREME-1	7.7e-036	0	11.16	fp	0
1-GGAGGWTVYKR	STREME-1	7.7e-036	0	11.15	fp	0
1-GGAGGWTVYKR	STREME-1	7.7e-036	0	11.15	fp	0
1-GGAGGWTVYKR	STREME-1	7.7e-036	0	11.15	fp	0
1-GGAGGWTVYKR	STREME-1	7.7e-036	0	11.11	fp	0
1-GGAGGWTVYKR	STREME-1	7.7e-036	0	11.11	fp	0
1-GGAGGWTVYKR	STREME-1	7.7e-036	0	11.10	fp	0
1-GGAGGWTVYKR	STREME-1	7.7e-036	0	11.07	fp	0
1-GGAGGWTVYKR	STREME-1	7.7e-036	0	11.07	fp	0
1-GGAGGWTVYKR	STREME-1	7.7e-036	0	11.07	fp	0
1-GGAGGWTVYKR	STREME-1	7.7e-036	2	11.06	tp	0
1-GGAGGWTVYKR	STREME-1	7.7e-036	0	11.06	fp	0
1-GGAGGWTVYKR	STREME-1	7.7e-036	0	11.05	fp	0
1-GGAGGWTVYKR	STREME-1	7.7e-036	0	11.05	fp	0
1-GGAGGWTVYKR	STREME-1	7.7e-036	0	11.05	fp	0
1-GGAGGWTVYKR	STREME-1	7.7e-036	0	11.05	fp	0
1-GGAGGWTVYKR	STREME-1	7.7e-036	0	11.05	fp	0
1-GGAGGWTVYKR	STREME-1	7.7e-036	0	11.05	fp	0
1-GGAGGWTVYKR	STREME-1	7.7e-036	0	11.05	fp	0
1-GGAGGWTVYKR	STREME-1	7.7e-036	0	11.05	fp	0
1-GGAGGWTVYKR	STREME-1	7.7e-036	0	11.05	fp	0
1-GGAGGWTVYKR	STREME-1	7.7e-036	0	11.02	fp	0
1-GGAGGWTVYKR	STREME-1	7.7e-036	0	11.02	fp	0
1-GGAGGWTVYKR	STREME-1	7.7e-036	0	11.02	fp	0
1-GGAGGWTVYKR	STREME-1	7.7e-036	0	11.02	fp	0
1-GGAGGWTVYKR	STREME-1	7.7e-036	0	11.02	fp	0
1-GGAGGWTVYKR	STREME-1	7.7e-036	0	11.02	fp	0
1-GGAGGWTVYKR	STREME-1	7.7e-036	0	11.00	fp	0
1-GGAGGWTVYKR	STREME-1	7.7e-036	0	11.00	fp	0
1-GGAGGWTVYKR	STREME-1	7.7e-036	0	11.00	fp	0
1-GGAGGWTVYKR	STREME-1	7.7e-036	0	11.00	fp	0
1-GGAGGWTVYKR	STREME-1	7.7e-036	0	10.97	fp	0
1-GGAGGWTVYKR	STREME-1	7.7e-036	0	10.97	fp	0
1-GGAGGWTVYKR	STREME-1	7.7e-036	0	10.96	fp	0
1-GGAGGWTVYKR	STREME-1	7.7e-036	0	10.96	fp	0
1-GGAGGWTVYKR	STREME-1	7.7e-036	0	10.96	fp	0
1-GGAGGWTVYKR	STREME-1	7.7e-036	0	10.96	fp	0
1-GGAGGWTVYKR	STREME-1	7.7e-036	0	10.95	fp	0
1-GGAGGWTVYKR	STREME-1	7.7e-036	0	10.95	fp	0
1-GGAGGWTVYKR	STREME-1	7.7e-036	0	10.93	fp	0
1-GGAGGWTVYKR	STREME-1	7.7e-036	0	10.93	fp	0
1-GGAGGWTVYKR	STREME-1	7.7e-036	0	10.93	fp	0
1-GGAGGWTVYKR	STREME-1	7.7e-036	0	10.93	fp	0
1-GGAGGWTVYKR	STREME-1	7.7e-036	0	10.93	fp	0
1-GGAGGWTVYKR	STREME-1	7.7e-036	0	10.92	fp	0
1-GGAGGWTVYKR	STREME-1	7.7e-036	0	10.92	fp	0
1-GGAGGWTVYKR	STREME-1	7.7e-036	0	10.92	fp	0
1-GGAGGWTVYKR	STREME-1	7.7e-036	0	10.92	fp	0
1-GGAGGWTVYKR	STREME-1	7.7e-036	0	10.92	fp	0
1-GGAGGWTVYKR	STREME-1	7.7e-036	0	10.92	fp	0
1-GGAGGWTVYKR	STREME-1	7.7e-036	0	10.92	fp	0
1-GGAGGWTVYKR	STREME-1	7.7e-036	0	10.92	fp	0
1-GGAGGWTVYKR	STREME-1	7.7e-036	0	10.91	fp	0
1-GGAGGWTVYKR	STREME-1	7.7e-036	0	10.91	fp	0
1-GGAGGWTVYKR	STREME-1	7.7e-036	0	10.91	fp	0
1-GGAGGWTVYKR	STREME-1	7.7e-036	0	10.87	fp	0
1-GGAGGWTVYKR	STREME-1	7.7e-036	0	10.87	fp	0
1-GGAGGWTVYKR	STREME-1	7.7e-036	0	10.86	fp	0
1-GGAGGWTVYKR	STREME-1	7.7e-036	0	10.85	fp	0
1-GGAGGWTVYKR	STREME-1	7.7e-036	0	10.85	fp	0
1-GGAGGWTVYKR	STREME-1	7.7e-036	0	10.85	fp	0
1-GGAGGWTVYKR	STREME-1	7.7e-036	0	10.83	fp	0
1-GGAGGWTVYKR	STREME-1	7.7e-036	0	10.78	fp	0
1-GGAGGWTVYKR	STREME-1	7.7e-036	0	10.78	fp	0
1-GGAGGWTVYKR	STREME-1	7.7e-036	0	10.78	fp	0
1-GGAGGWTVYKR	STREME-1	7.7e-036	0	10.78	fp	0
1-GGAGGWTVYKR	STREME-1	7.7e-036	0	10.78	fp	0
1-GGAGGWTVYKR	STREME-1	7.7e-036	0	10.78	fp	0
1-GGAGGWTVYKR	STREME-1	7.7e-036	0	10.78	fp	0
1-GGAGGWTVYKR	STREME-1	7.7e-036	0	10.78	fp	0
1-GGAGGWTVYKR	STREME-1	7.7e-036	0	10.78	fp	0
1-GGAGGWTVYKR	STREME-1	7.7e-036	0	10.78	fp	0
1-GGAGGWTVYKR	STREME-1	7.7e-036	0	10.78	fp	0
1-GGAGGWTVYKR	STREME-1	7.7e-036	0	10.76	fp	0
1-GGAGGWTVYKR	STREME-1	7.7e-036	0	10.76	fp	0
1-GGAGGWTVYKR	STREME-1	7.7e-036	0	10.76	fp	0
1-GGAGGWTVYKR	STREME-1	7.7e-036	0	10.76	fp	0
1-GGAGGWTVYKR	STREME-1	7.7e-036	0	10.75	fp	0
1-GGAGGWTVYKR	STREME-1	7.7e-036	0	10.75	fp	0
1-GGAGGWTVYKR	STREME-1	7.7e-036	0	10.75	fp	0
1-GGAGGWTVYKR	STREME-1	7.7e-036	0	10.75	fp	0
1-GGAGGWTVYKR	STREME-1	7.7e-036	17	10.75	tp	0
1-GGAGGWTVYKR	STREME-1	7.7e-036	0	10.73	fp	0
1-GGAGGWTVYKR	STREME-1	7.7e-036	0	10.73	fp	0
1-GGAGGWTVYKR	STREME-1	7.7e-036	0	10.73	fp	0
1-GGAGGWTVYKR	STREME-1	7.7e-036	0	10.71	fp	0
1-GGAGGWTVYKR	STREME-1	7.7e-036	0	10.71	fp	0
1-GGAGGWTVYKR	STREME-1	7.7e-036	0	10.71	fp	0
1-GGAGGWTVYKR	STREME-1	7.7e-036	0	10.71	fp	0
1-GGAGGWTVYKR	STREME-1	7.7e-036	0	10.71	fp	0
1-GGAGGWTVYKR	STREME-1	7.7e-036	0	10.71	fp	0
1-GGAGGWTVYKR	STREME-1	7.7e-036	9	10.66	tp	0
1-GGAGGWTVYKR	STREME-1	7.7e-036	0	10.66	fp	0
1-GGAGGWTVYKR	STREME-1	7.7e-036	0	10.66	fp	0
1-GGAGGWTVYKR	STREME-1	7.7e-036	0	10.66	fp	0
1-GGAGGWTVYKR	STREME-1	7.7e-036	0	10.63	fp	0
1-GGAGGWTVYKR	STREME-1	7.7e-036	0	10.62	fp	0
1-GGAGGWTVYKR	STREME-1	7.7e-036	0	10.61	fp	0
1-GGAGGWTVYKR	STREME-1	7.7e-036	0	10.61	fp	0
1-GGAGGWTVYKR	STREME-1	7.7e-036	0	10.61	fp	0
1-GGAGGWTVYKR	STREME-1	7.7e-036	0	10.61	fp	0
1-GGAGGWTVYKR	STREME-1	7.7e-036	0	10.59	fp	0
1-GGAGGWTVYKR	STREME-1	7.7e-036	0	10.57	fp	0
1-GGAGGWTVYKR	STREME-1	7.7e-036	0	10.55	fp	0
1-GGAGGWTVYKR	STREME-1	7.7e-036	0	10.55	fp	0
1-GGAGGWTVYKR	STREME-1	7.7e-036	0	10.55	fp	0
1-GGAGGWTVYKR	STREME-1	7.7e-036	0	10.53	fp	0
1-GGAGGWTVYKR	STREME-1	7.7e-036	0	10.53	fp	0
1-GGAGGWTVYKR	STREME-1	7.7e-036	0	10.50	fp	0
1-GGAGGWTVYKR	STREME-1	7.7e-036	0	10.50	fp	0
1-GGAGGWTVYKR	STREME-1	7.7e-036	0	10.50	fp	0
1-GGAGGWTVYKR	STREME-1	7.7e-036	0	10.47	fp	0
1-GGAGGWTVYKR	STREME-1	7.7e-036	0	10.47	fp	0
1-GGAGGWTVYKR	STREME-1	7.7e-036	0	10.47	fp	0
1-GGAGGWTVYKR	STREME-1	7.7e-036	0	10.47	fp	0
1-GGAGGWTVYKR	STREME-1	7.7e-036	0	10.47	fp	0
1-GGAGGWTVYKR	STREME-1	7.7e-036	0	10.45	fp	0
1-GGAGGWTVYKR	STREME-1	7.7e-036	0	10.42	fp	0
1-GGAGGWTVYKR	STREME-1	7.7e-036	0	10.42	fp	0
1-GGAGGWTVYKR	STREME-1	7.7e-036	0	10.42	fp	0
1-GGAGGWTVYKR	STREME-1	7.7e-036	0	10.42	fp	0
1-GGAGGWTVYKR	STREME-1	7.7e-036	0	10.42	fp	0
1-GGAGGWTVYKR	STREME-1	7.7e-036	0	10.40	fp	0
1-GGAGGWTVYKR	STREME-1	7.7e-036	0	10.39	fp	0
1-GGAGGWTVYKR	STREME-1	7.7e-036	0	10.37	fp	0
1-GGAGGWTVYKR	STREME-1	7.7e-036	0	10.37	fp	0
1-GGAGGWTVYKR	STREME-1	7.7e-036	0	10.37	fp	0
1-GGAGGWTVYKR	STREME-1	7.7e-036	0	10.36	fp	0
1-GGAGGWTVYKR	STREME-1	7.7e-036	0	10.36	fp	0
1-GGAGGWTVYKR	STREME-1	7.7e-036	0	10.36	fp	0
1-GGAGGWTVYKR	STREME-1	7.7e-036	0	10.36	fp	0
1-GGAGGWTVYKR	STREME-1	7.7e-036	0	10.36	fp	0
1-GGAGGWTVYKR	STREME-1	7.7e-036	0	10.35	fp	0
1-GGAGGWTVYKR	STREME-1	7.7e-036	0	10.35	fp	0
1-GGAGGWTVYKR	STREME-1	7.7e-036	0	10.34	fp	0
1-GGAGGWTVYKR	STREME-1	7.7e-036	0	10.34	fp	0
1-GGAGGWTVYKR	STREME-1	7.7e-036	0	10.34	fp	0
1-GGAGGWTVYKR	STREME-1	7.7e-036	0	10.34	fp	0
1-GGAGGWTVYKR	STREME-1	7.7e-036	0	10.32	fp	0
1-GGAGGWTVYKR	STREME-1	7.7e-036	0	10.32	fp	0
1-GGAGGWTVYKR	STREME-1	7.7e-036	0	10.32	fp	0
1-GGAGGWTVYKR	STREME-1	7.7e-036	0	10.32	fp	0
1-GGAGGWTVYKR	STREME-1	7.7e-036	0	10.32	fp	0
1-GGAGGWTVYKR	STREME-1	7.7e-036	0	10.32	fp	0
1-GGAGGWTVYKR	STREME-1	7.7e-036	0	10.32	fp	0
1-GGAGGWTVYKR	STREME-1	7.7e-036	3	10.32	tp	0
1-GGAGGWTVYKR	STREME-1	7.7e-036	0	10.32	fp	0
#
2-GAATGCTGGAGGGGT	STREME-2	1.7e-004	1	30.11	tp	0
#
3-GAGCATAGA	STREME-3	8.5e-004	5	17.35	tp	0
3-GAGCATAGA	STREME-3	8.5e-004	0	17.35	fp	0
3-GAGCATAGA	STREME-3	8.5e-004	0	17.35	fp	0
3-GAGCATAGA	STREME-3	8.5e-004	0	17.35	fp	0
3-GAGCATAGA	STREME-3	8.5e-004	0	17.35	fp	0
#
4-YATGWCATR	STREME-4	1.5e-003	0	16.17	fp	0
4-YATGWCATR	STREME-4	1.5e-003	7	15.26	tp	0
4-YATGWCATR	STREME-4	1.5e-003	0	15.26	fp	0
4-YATGWCATR	STREME-4	1.5e-003	0	15.26	fp	0
4-YATGWCATR	STREME-4	1.5e-003	0	15.26	fp	0
4-YATGWCATR	STREME-4	1.5e-003	0	15.26	fp	0
4-YATGWCATR	STREME-4	1.5e-003	0	15.26	fp	0
4-YATGWCATR	STREME-4	1.5e-003	0	15.26	fp	0
4-YATGWCATR	STREME-4	1.5e-003	0	15.26	fp	0
#
5-AKACWGTMT	STREME-5	1.9e-003	0	15.27	fp	0
5-AKACWGTMT	STREME-5	1.9e-003	0	15.27	fp	0
5-AKACWGTMT	STREME-5	1.9e-003	0	15.27	fp	0
5-AKACWGTMT	STREME-5	1.9e-003	0	15.27	fp	0
5-AKACWGTMT	STREME-5	1.9e-003	0	15.27	fp	0
5-AKACWGTMT	STREME-5	1.9e-003	3	14.56	tp	0
5-AKACWGTMT	STREME-5	1.9e-003	0	14.56	fp	0
5-AKACWGTMT	STREME-5	1.9e-003	0	14.56	fp	0
5-AKACWGTMT	STREME-5	1.9e-003	0	14.56	fp	0
5-AKACWGTMT	STREME-5	1.9e-003	0	14.56	fp	0
5-AKACWGTMT	STREME-5	1.9e-003	0	14.56	fp	0
